dataset_name,model_name,accuracy,model,time
polarity.txt,MLP 1x360,0.77399187246,"MLP(layers=1, units=360, dropout_rate=0.87, max_vocab_size=22000, epochs=12, batch_size=128)",17.4282689095
polarity.txt,MLP 1x360,0.765864332604,"MLP(layers=1, units=360, dropout_rate=0.87, max_vocab_size=22000, epochs=12, batch_size=128)",16.1159410477
polarity.txt,MLP 1x360,0.764926539544,"MLP(layers=1, units=360, dropout_rate=0.87, max_vocab_size=22000, epochs=12, batch_size=128)",16.5585839748
polarity.txt,MLP 1x360,0.765551734917,"MLP(layers=1, units=360, dropout_rate=0.87, max_vocab_size=22000, epochs=12, batch_size=128)",15.8851881027
polarity.txt,MLP 1x360,0.776492653954,"MLP(layers=1, units=360, dropout_rate=0.87, max_vocab_size=22000, epochs=12, batch_size=128)",16.564950943
polarity.txt,MLP 2x180,0.771178493279,"MLP(layers=2, units=180, dropout_rate=0.6, max_vocab_size=22000, epochs=5, batch_size=128)",7.93704891205
polarity.txt,MLP 2x180,0.761487964989,"MLP(layers=2, units=180, dropout_rate=0.6, max_vocab_size=22000, epochs=5, batch_size=128)",8.39465689659
polarity.txt,MLP 2x180,0.759924976555,"MLP(layers=2, units=180, dropout_rate=0.6, max_vocab_size=22000, epochs=5, batch_size=128)",7.70243096352
polarity.txt,MLP 2x180,0.763988746483,"MLP(layers=2, units=180, dropout_rate=0.6, max_vocab_size=22000, epochs=5, batch_size=128)",7.63294816017
polarity.txt,MLP 2x180,0.773679274773,"MLP(layers=2, units=180, dropout_rate=0.6, max_vocab_size=22000, epochs=5, batch_size=128)",8.33426117897
polarity.txt,MLP 3x512,0.764613941857,"MLP(layers=3, units=512, dropout_rate=0.2, max_vocab_size=10000, epochs=20, batch_size=128)",19.2492058277
polarity.txt,MLP 3x512,0.762425758049,"MLP(layers=3, units=512, dropout_rate=0.2, max_vocab_size=10000, epochs=20, batch_size=128)",19.2654500008
polarity.txt,MLP 3x512,0.754923413567,"MLP(layers=3, units=512, dropout_rate=0.2, max_vocab_size=10000, epochs=20, batch_size=128)",18.1069121361
polarity.txt,MLP 3x512,0.757736792748,"MLP(layers=3, units=512, dropout_rate=0.2, max_vocab_size=10000, epochs=20, batch_size=128)",18.9006590843
polarity.txt,MLP 3x512,0.764613941857,"MLP(layers=3, units=512, dropout_rate=0.2, max_vocab_size=10000, epochs=20, batch_size=128)",19.6763548851
polarity.txt,LSTM 24D,0.698968427634,"LSTMClassifier(dropout_rate=0.45, rec_dropout_rate=0.35, optimizer=adam, batch_size=128, epochs=18, bidirectional=False, layers=3, embedding_dim=24, max_seq_len=50, embeddings_path=None, units=250)",426.041531086
polarity.txt,LSTM 24D,0.694592060019,"LSTMClassifier(dropout_rate=0.45, rec_dropout_rate=0.35, optimizer=adam, batch_size=128, epochs=18, bidirectional=False, layers=3, embedding_dim=24, max_seq_len=50, embeddings_path=None, units=250)",425.739881992
polarity.txt,LSTM 24D,0.711472335105,"LSTMClassifier(dropout_rate=0.45, rec_dropout_rate=0.35, optimizer=adam, batch_size=128, epochs=18, bidirectional=False, layers=3, embedding_dim=24, max_seq_len=50, embeddings_path=None, units=250)",426.044090986
polarity.txt,LSTM 24D,0.710847139731,"LSTMClassifier(dropout_rate=0.45, rec_dropout_rate=0.35, optimizer=adam, batch_size=128, epochs=18, bidirectional=False, layers=3, embedding_dim=24, max_seq_len=50, embeddings_path=None, units=250)",425.49445796
polarity.txt,LSTM 24D,0.69928102532,"LSTMClassifier(dropout_rate=0.45, rec_dropout_rate=0.35, optimizer=adam, batch_size=128, epochs=18, bidirectional=False, layers=3, embedding_dim=24, max_seq_len=50, embeddings_path=None, units=250)",425.999726057
polarity.txt,LSTM 12D,0.739918724601,"LSTMClassifier(dropout_rate=0.45, rec_dropout_rate=0.4, optimizer=rmsprop, batch_size=128, epochs=60, bidirectional=False, layers=2, embedding_dim=12, max_seq_len=50, embeddings_path=None, units=80)",711.118259907
polarity.txt,LSTM 12D,0.729915598625,"LSTMClassifier(dropout_rate=0.45, rec_dropout_rate=0.4, optimizer=rmsprop, batch_size=128, epochs=60, bidirectional=False, layers=2, embedding_dim=12, max_seq_len=50, embeddings_path=None, units=80)",711.94956398
polarity.txt,LSTM 12D,0.736480150047,"LSTMClassifier(dropout_rate=0.45, rec_dropout_rate=0.4, optimizer=rmsprop, batch_size=128, epochs=60, bidirectional=False, layers=2, embedding_dim=12, max_seq_len=50, embeddings_path=None, units=80)",703.94349885
polarity.txt,LSTM 12D,0.718662081901,"LSTMClassifier(dropout_rate=0.45, rec_dropout_rate=0.4, optimizer=rmsprop, batch_size=128, epochs=60, bidirectional=False, layers=2, embedding_dim=12, max_seq_len=50, embeddings_path=None, units=80)",704.575723171
polarity.txt,LSTM 12D,0.746483276024,"LSTMClassifier(dropout_rate=0.45, rec_dropout_rate=0.4, optimizer=rmsprop, batch_size=128, epochs=60, bidirectional=False, layers=2, embedding_dim=12, max_seq_len=50, embeddings_path=None, units=80)",705.987748861
polarity.txt,BLSTM Glove,0.76430134417,"LSTMClassifier(dropout_rate=0.25, rec_dropout_rate=0.5, optimizer=rmsprop, batch_size=128, epochs=42, bidirectional=True, layers=2, embedding_dim=100, max_seq_len=50, embeddings_path=../data/glove.6B/glove.6B.100d.txt, units=16)",836.544953823
polarity.txt,BLSTM Glove,0.769615504845,"LSTMClassifier(dropout_rate=0.25, rec_dropout_rate=0.5, optimizer=rmsprop, batch_size=128, epochs=42, bidirectional=True, layers=2, embedding_dim=100, max_seq_len=50, embeddings_path=../data/glove.6B/glove.6B.100d.txt, units=16)",838.114134073
polarity.txt,BLSTM Glove,0.76336355111,"LSTMClassifier(dropout_rate=0.25, rec_dropout_rate=0.5, optimizer=rmsprop, batch_size=128, epochs=42, bidirectional=True, layers=2, embedding_dim=100, max_seq_len=50, embeddings_path=../data/glove.6B/glove.6B.100d.txt, units=16)",845.200582027
polarity.txt,BLSTM Glove,0.76336355111,"LSTMClassifier(dropout_rate=0.25, rec_dropout_rate=0.5, optimizer=rmsprop, batch_size=128, epochs=42, bidirectional=True, layers=2, embedding_dim=100, max_seq_len=50, embeddings_path=../data/glove.6B/glove.6B.100d.txt, units=16)",838.612184048
polarity.txt,BLSTM Glove,0.768677711785,"LSTMClassifier(dropout_rate=0.25, rec_dropout_rate=0.5, optimizer=rmsprop, batch_size=128, epochs=42, bidirectional=True, layers=2, embedding_dim=100, max_seq_len=50, embeddings_path=../data/glove.6B/glove.6B.100d.txt, units=16)",838.342551947
polarity.txt,LSTM GloVe,0.762425758049,"LSTMClassifier(dropout_rate=0.25, rec_dropout_rate=0.5, optimizer=rmsprop, batch_size=128, epochs=42, bidirectional=False, layers=2, embedding_dim=100, max_seq_len=50, embeddings_path=../data/glove.6B/glove.6B.100d.txt, units=32)",471.575772047
polarity.txt,LSTM GloVe,0.767427321038,"LSTMClassifier(dropout_rate=0.25, rec_dropout_rate=0.5, optimizer=rmsprop, batch_size=128, epochs=42, bidirectional=False, layers=2, embedding_dim=100, max_seq_len=50, embeddings_path=../data/glove.6B/glove.6B.100d.txt, units=32)",470.34309411
polarity.txt,LSTM GloVe,0.769615504845,"LSTMClassifier(dropout_rate=0.25, rec_dropout_rate=0.5, optimizer=rmsprop, batch_size=128, epochs=42, bidirectional=False, layers=2, embedding_dim=100, max_seq_len=50, embeddings_path=../data/glove.6B/glove.6B.100d.txt, units=32)",470.556434155
polarity.txt,LSTM GloVe,0.753360425133,"LSTMClassifier(dropout_rate=0.25, rec_dropout_rate=0.5, optimizer=rmsprop, batch_size=128, epochs=42, bidirectional=False, layers=2, embedding_dim=100, max_seq_len=50, embeddings_path=../data/glove.6B/glove.6B.100d.txt, units=32)",469.067476034
polarity.txt,LSTM GloVe,0.7730540794,"LSTMClassifier(dropout_rate=0.25, rec_dropout_rate=0.5, optimizer=rmsprop, batch_size=128, epochs=42, bidirectional=False, layers=2, embedding_dim=100, max_seq_len=50, embeddings_path=../data/glove.6B/glove.6B.100d.txt, units=32)",469.591261148
polarity.txt,CNN 45D,0.716473898093,"YKimCNN(optimizer=adam, num_filters=5, batch_size=128, epochs=53, dropout_rates=(0.64, 0.47), embedding_dim=45, max_seq_len=50, filter_sizes=(3, 5, 7), embeddings_path=None, units=40)",46.7518110275
polarity.txt,CNN 45D,0.655204751485,"YKimCNN(optimizer=adam, num_filters=5, batch_size=128, epochs=53, dropout_rates=(0.64, 0.47), embedding_dim=45, max_seq_len=50, filter_sizes=(3, 5, 7), embeddings_path=None, units=40)",46.8156180382
polarity.txt,CNN 45D,0.69834323226,"YKimCNN(optimizer=adam, num_filters=5, batch_size=128, epochs=53, dropout_rates=(0.64, 0.47), embedding_dim=45, max_seq_len=50, filter_sizes=(3, 5, 7), embeddings_path=None, units=40)",45.6118168831
polarity.txt,CNN 45D,0.701156611441,"YKimCNN(optimizer=adam, num_filters=5, batch_size=128, epochs=53, dropout_rates=(0.64, 0.47), embedding_dim=45, max_seq_len=50, filter_sizes=(3, 5, 7), embeddings_path=None, units=40)",46.0095748901
polarity.txt,CNN 45D,0.637386683339,"YKimCNN(optimizer=adam, num_filters=5, batch_size=128, epochs=53, dropout_rates=(0.64, 0.47), embedding_dim=45, max_seq_len=50, filter_sizes=(3, 5, 7), embeddings_path=None, units=40)",45.8503861427
polarity.txt,CNN GloVe,0.728977805564,"YKimCNN(optimizer=adam, num_filters=75, batch_size=128, epochs=33, dropout_rates=(0.2, 0.8), embedding_dim=100, max_seq_len=50, filter_sizes=(3, 5), embeddings_path=../data/glove.6B/glove.6B.100d.txt, units=50)",37.3193759918
polarity.txt,CNN GloVe,0.738980931541,"YKimCNN(optimizer=adam, num_filters=75, batch_size=128, epochs=33, dropout_rates=(0.2, 0.8), embedding_dim=100, max_seq_len=50, filter_sizes=(3, 5), embeddings_path=../data/glove.6B/glove.6B.100d.txt, units=50)",37.6674439907
polarity.txt,CNN GloVe,0.73710534542,"YKimCNN(optimizer=adam, num_filters=75, batch_size=128, epochs=33, dropout_rates=(0.2, 0.8), embedding_dim=100, max_seq_len=50, filter_sizes=(3, 5), embeddings_path=../data/glove.6B/glove.6B.100d.txt, units=50)",37.9601500034
polarity.txt,CNN GloVe,0.722100656455,"YKimCNN(optimizer=adam, num_filters=75, batch_size=128, epochs=33, dropout_rates=(0.2, 0.8), embedding_dim=100, max_seq_len=50, filter_sizes=(3, 5), embeddings_path=../data/glove.6B/glove.6B.100d.txt, units=50)",37.1902830601
polarity.txt,CNN GloVe,0.741169115349,"YKimCNN(optimizer=adam, num_filters=75, batch_size=128, epochs=33, dropout_rates=(0.2, 0.8), embedding_dim=100, max_seq_len=50, filter_sizes=(3, 5), embeddings_path=../data/glove.6B/glove.6B.100d.txt, units=50)",37.7923569679
polarity.txt,BLSTM2DCNN GloVe,0.749921850578,"BLSTM2DCNN(dropout_rate=0.4, rec_dropout_rate=0.88, optimizer=rmsprop, batch_size=64, epochs=31, bidirectional=False, embedding_dim=100, max_seq_len=50, embeddings_path=../data/glove.6B/glove.6B.100d.txt, units=8, conv_filters=32)",588.894674063
polarity.txt,BLSTM2DCNN GloVe,0.74398249453,"BLSTM2DCNN(dropout_rate=0.4, rec_dropout_rate=0.88, optimizer=rmsprop, batch_size=64, epochs=31, bidirectional=False, embedding_dim=100, max_seq_len=50, embeddings_path=../data/glove.6B/glove.6B.100d.txt, units=8, conv_filters=32)",586.210117102
polarity.txt,BLSTM2DCNN GloVe,0.75367302282,"BLSTM2DCNN(dropout_rate=0.4, rec_dropout_rate=0.88, optimizer=rmsprop, batch_size=64, epochs=31, bidirectional=False, embedding_dim=100, max_seq_len=50, embeddings_path=../data/glove.6B/glove.6B.100d.txt, units=8, conv_filters=32)",588.358268023
polarity.txt,BLSTM2DCNN GloVe,0.729915598625,"BLSTM2DCNN(dropout_rate=0.4, rec_dropout_rate=0.88, optimizer=rmsprop, batch_size=64, epochs=31, bidirectional=False, embedding_dim=100, max_seq_len=50, embeddings_path=../data/glove.6B/glove.6B.100d.txt, units=8, conv_filters=32)",589.822115183
polarity.txt,BLSTM2DCNN GloVe,0.751797436699,"BLSTM2DCNN(dropout_rate=0.4, rec_dropout_rate=0.88, optimizer=rmsprop, batch_size=64, epochs=31, bidirectional=False, embedding_dim=100, max_seq_len=50, embeddings_path=../data/glove.6B/glove.6B.100d.txt, units=8, conv_filters=32)",588.169270992
polarity.txt,BLSTM2dCNN 15D,0.663957486715,"BLSTM2DCNN(dropout_rate=0.4, rec_dropout_rate=0.75, optimizer=adam, batch_size=128, epochs=26, bidirectional=False, embedding_dim=15, max_seq_len=50, embeddings_path=None, units=162, conv_filters=32)",1110.28390598
polarity.txt,BLSTM2dCNN 15D,0.587371053454,"BLSTM2DCNN(dropout_rate=0.4, rec_dropout_rate=0.75, optimizer=adam, batch_size=128, epochs=26, bidirectional=False, embedding_dim=15, max_seq_len=50, embeddings_path=None, units=162, conv_filters=32)",1109.79008389
polarity.txt,BLSTM2dCNN 15D,0.693029071585,"BLSTM2DCNN(dropout_rate=0.4, rec_dropout_rate=0.75, optimizer=adam, batch_size=128, epochs=26, bidirectional=False, embedding_dim=15, max_seq_len=50, embeddings_path=None, units=162, conv_filters=32)",1109.96989608
polarity.txt,BLSTM2dCNN 15D,0.677711784933,"BLSTM2DCNN(dropout_rate=0.4, rec_dropout_rate=0.75, optimizer=adam, batch_size=128, epochs=26, bidirectional=False, embedding_dim=15, max_seq_len=50, embeddings_path=None, units=162, conv_filters=32)",1110.32307792
polarity.txt,BLSTM2dCNN 15D,0.656455142232,"BLSTM2DCNN(dropout_rate=0.4, rec_dropout_rate=0.75, optimizer=adam, batch_size=128, epochs=26, bidirectional=False, embedding_dim=15, max_seq_len=50, embeddings_path=None, units=162, conv_filters=32)",1111.05655599
polarity.txt,MNB tfidf,0.775242263207,"MultinomialNB(tfidf=True, ngram_n=1)",0.155763864517
polarity.txt,MNB tfidf,0.774617067834,"MultinomialNB(tfidf=True, ngram_n=1)",0.160696029663
polarity.txt,MNB tfidf,0.777430447015,"MultinomialNB(tfidf=True, ngram_n=1)",0.160004138947
polarity.txt,MNB tfidf,0.769302907158,"MultinomialNB(tfidf=True, ngram_n=1)",0.154464006424
polarity.txt,MNB tfidf,0.786495779931,"MultinomialNB(tfidf=True, ngram_n=1)",0.157160043716
polarity.txt,MNB tfidf 2-gr,0.776180056268,"MultinomialNB(tfidf=True, ngram_n=2)",0.758384227753
polarity.txt,MNB tfidf 2-gr,0.784307596124,"MultinomialNB(tfidf=True, ngram_n=2)",0.774666070938
polarity.txt,MNB tfidf 2-gr,0.79337292904,"MultinomialNB(tfidf=True, ngram_n=2)",0.760412216187
polarity.txt,MNB tfidf 2-gr,0.781494216943,"MultinomialNB(tfidf=True, ngram_n=2)",0.75585103035
polarity.txt,MNB tfidf 2-gr,0.788371366052,"MultinomialNB(tfidf=True, ngram_n=2)",0.806147098541
polarity.txt,MNB tfidf 3-gr,0.776180056268,"MultinomialNB(tfidf=True, ngram_n=3)",1.47874999046
polarity.txt,MNB tfidf 3-gr,0.783057205377,"MultinomialNB(tfidf=True, ngram_n=3)",1.4790520668
polarity.txt,MNB tfidf 3-gr,0.78368240075,"MultinomialNB(tfidf=True, ngram_n=3)",1.48329806328
polarity.txt,MNB tfidf 3-gr,0.780243826196,"MultinomialNB(tfidf=True, ngram_n=3)",1.47830295563
polarity.txt,MNB tfidf 3-gr,0.783057205377,"MultinomialNB(tfidf=True, ngram_n=3)",1.47462797165
polarity.txt,MNB,0.768052516411,"MultinomialNB(tfidf=False, ngram_n=1)",0.155897140503
polarity.txt,MNB,0.769302907158,"MultinomialNB(tfidf=False, ngram_n=1)",0.150849819183
polarity.txt,MNB,0.779306033135,"MultinomialNB(tfidf=False, ngram_n=1)",0.154685974121
polarity.txt,MNB,0.763676148796,"MultinomialNB(tfidf=False, ngram_n=1)",0.150460004807
polarity.txt,MNB,0.778993435449,"MultinomialNB(tfidf=False, ngram_n=1)",0.152971029282
polarity.txt,MNB 2-gr,0.77399187246,"MultinomialNB(tfidf=False, ngram_n=2)",0.740851163864
polarity.txt,MNB 2-gr,0.783369803063,"MultinomialNB(tfidf=False, ngram_n=2)",0.739811182022
polarity.txt,MNB 2-gr,0.790246952173,"MultinomialNB(tfidf=False, ngram_n=2)",0.755161046982
polarity.txt,MNB 2-gr,0.772428884026,"MultinomialNB(tfidf=False, ngram_n=2)",0.752429962158
polarity.txt,MNB 2-gr,0.788996561425,"MultinomialNB(tfidf=False, ngram_n=2)",0.756258964539
polarity.txt,SVM tfidf,0.758987183495,"SVC(tfidf=True, ngram_n=1, kernel=linear)",12.7055859566
polarity.txt,SVM tfidf,0.757736792748,"SVC(tfidf=True, ngram_n=1, kernel=linear)",12.9280230999
polarity.txt,SVM tfidf,0.76523913723,"SVC(tfidf=True, ngram_n=1, kernel=linear)",13.0311119556
polarity.txt,SVM tfidf,0.760862769616,"SVC(tfidf=True, ngram_n=1, kernel=linear)",12.9328341484
polarity.txt,SVM tfidf,0.770240700219,"SVC(tfidf=True, ngram_n=1, kernel=linear)",12.8570458889
polarity.txt,SVM tfidf 2-gr,0.772741481713,"SVC(tfidf=True, ngram_n=2, kernel=linear)",20.7021450996
polarity.txt,SVM tfidf 2-gr,0.770553297906,"SVC(tfidf=True, ngram_n=2, kernel=linear)",20.6735491753
polarity.txt,SVM tfidf 2-gr,0.77492966552,"SVC(tfidf=True, ngram_n=2, kernel=linear)",20.7615330219
polarity.txt,SVM tfidf 2-gr,0.763988746483,"SVC(tfidf=True, ngram_n=2, kernel=linear)",20.7756431103
polarity.txt,SVM tfidf 2-gr,0.775554860894,"SVC(tfidf=True, ngram_n=2, kernel=linear)",20.7091839314
polarity.txt,SVM,0.738980931541,"SVC(tfidf=False, ngram_n=1, kernel=linear)",17.6011860371
polarity.txt,SVM,0.737730540794,"SVC(tfidf=False, ngram_n=1, kernel=linear)",17.4827411175
polarity.txt,SVM,0.747421069084,"SVC(tfidf=False, ngram_n=1, kernel=linear)",17.4429841042
polarity.txt,SVM,0.744607689903,"SVC(tfidf=False, ngram_n=1, kernel=linear)",17.6221568584
polarity.txt,SVM,0.748671459831,"SVC(tfidf=False, ngram_n=1, kernel=linear)",17.362639904
polarity.txt,Stacker LogReg,0.805251641138,"StackingTextClassifier([MLP(layers=1, units=360, dropout_rate=0.87, max_vocab_size=22000, epochs=12, batch_size=128), MLP(layers=2, units=180, dropout_rate=0.6, max_vocab_size=22000, epochs=5, batch_size=128), MLP(layers=3, units=512, dropout_rate=0.2, max_vocab_size=10000, epochs=20, batch_size=128), LSTMClassifier(dropout_rate=0.45, rec_dropout_rate=0.35, optimizer=adam, batch_size=128, epochs=18, bidirectional=False, layers=3, embedding_dim=24, max_seq_len=50, embeddings_path=None, units=250), LSTMClassifier(dropout_rate=0.45, rec_dropout_rate=0.4, optimizer=rmsprop, batch_size=128, epochs=60, bidirectional=False, layers=2, embedding_dim=12, max_seq_len=50, embeddings_path=None, units=80), LSTMClassifier(dropout_rate=0.25, rec_dropout_rate=0.5, optimizer=rmsprop, batch_size=128, epochs=42, bidirectional=True, layers=2, embedding_dim=100, max_seq_len=50, embeddings_path=../data/glove.6B/glove.6B.100d.txt, units=16), LSTMClassifier(dropout_rate=0.25, rec_dropout_rate=0.5, optimizer=rmsprop, batch_size=128, epochs=42, bidirectional=False, layers=2, embedding_dim=100, max_seq_len=50, embeddings_path=../data/glove.6B/glove.6B.100d.txt, units=32), YKimCNN(optimizer=adam, num_filters=5, batch_size=128, epochs=53, dropout_rates=(0.64, 0.47), embedding_dim=45, max_seq_len=50, filter_sizes=(3, 5, 7), embeddings_path=None, units=40), YKimCNN(optimizer=adam, num_filters=75, batch_size=128, epochs=33, dropout_rates=(0.2, 0.8), embedding_dim=100, max_seq_len=50, filter_sizes=(3, 5), embeddings_path=../data/glove.6B/glove.6B.100d.txt, units=50), BLSTM2DCNN(dropout_rate=0.4, rec_dropout_rate=0.88, optimizer=rmsprop, batch_size=64, epochs=31, bidirectional=False, embedding_dim=100, max_seq_len=50, embeddings_path=../data/glove.6B/glove.6B.100d.txt, units=8, conv_filters=32), BLSTM2DCNN(dropout_rate=0.4, rec_dropout_rate=0.75, optimizer=adam, batch_size=128, epochs=26, bidirectional=False, embedding_dim=15, max_seq_len=50, embeddings_path=None, units=162, conv_filters=32), MultinomialNB(tfidf=True, ngram_n=1), MultinomialNB(tfidf=True, ngram_n=2), MultinomialNB(tfidf=True, ngram_n=3), MultinomialNB(tfidf=False, ngram_n=1), MultinomialNB(tfidf=False, ngram_n=2), SVC(tfidf=True, ngram_n=1, kernel=linear), SVC(tfidf=True, ngram_n=2, kernel=linear), SVC(tfidf=False, ngram_n=1, kernel=linear)], LogisticRegression(C=1.0, class_weight=None, dual=False, fit_intercept=True,
          intercept_scaling=1, max_iter=100, multi_class='ovr', n_jobs=1,
          penalty='l2', random_state=None, solver='liblinear', tol=0.0001,
          verbose=0, warm_start=False), folds=5, use_proba=True)",22571.1231132
polarity.txt,Stacker LogReg,0.803688652704,"StackingTextClassifier([MLP(layers=1, units=360, dropout_rate=0.87, max_vocab_size=22000, epochs=12, batch_size=128), MLP(layers=2, units=180, dropout_rate=0.6, max_vocab_size=22000, epochs=5, batch_size=128), MLP(layers=3, units=512, dropout_rate=0.2, max_vocab_size=10000, epochs=20, batch_size=128), LSTMClassifier(dropout_rate=0.45, rec_dropout_rate=0.35, optimizer=adam, batch_size=128, epochs=18, bidirectional=False, layers=3, embedding_dim=24, max_seq_len=50, embeddings_path=None, units=250), LSTMClassifier(dropout_rate=0.45, rec_dropout_rate=0.4, optimizer=rmsprop, batch_size=128, epochs=60, bidirectional=False, layers=2, embedding_dim=12, max_seq_len=50, embeddings_path=None, units=80), LSTMClassifier(dropout_rate=0.25, rec_dropout_rate=0.5, optimizer=rmsprop, batch_size=128, epochs=42, bidirectional=True, layers=2, embedding_dim=100, max_seq_len=50, embeddings_path=../data/glove.6B/glove.6B.100d.txt, units=16), LSTMClassifier(dropout_rate=0.25, rec_dropout_rate=0.5, optimizer=rmsprop, batch_size=128, epochs=42, bidirectional=False, layers=2, embedding_dim=100, max_seq_len=50, embeddings_path=../data/glove.6B/glove.6B.100d.txt, units=32), YKimCNN(optimizer=adam, num_filters=5, batch_size=128, epochs=53, dropout_rates=(0.64, 0.47), embedding_dim=45, max_seq_len=50, filter_sizes=(3, 5, 7), embeddings_path=None, units=40), YKimCNN(optimizer=adam, num_filters=75, batch_size=128, epochs=33, dropout_rates=(0.2, 0.8), embedding_dim=100, max_seq_len=50, filter_sizes=(3, 5), embeddings_path=../data/glove.6B/glove.6B.100d.txt, units=50), BLSTM2DCNN(dropout_rate=0.4, rec_dropout_rate=0.88, optimizer=rmsprop, batch_size=64, epochs=31, bidirectional=False, embedding_dim=100, max_seq_len=50, embeddings_path=../data/glove.6B/glove.6B.100d.txt, units=8, conv_filters=32), BLSTM2DCNN(dropout_rate=0.4, rec_dropout_rate=0.75, optimizer=adam, batch_size=128, epochs=26, bidirectional=False, embedding_dim=15, max_seq_len=50, embeddings_path=None, units=162, conv_filters=32), MultinomialNB(tfidf=True, ngram_n=1), MultinomialNB(tfidf=True, ngram_n=2), MultinomialNB(tfidf=True, ngram_n=3), MultinomialNB(tfidf=False, ngram_n=1), MultinomialNB(tfidf=False, ngram_n=2), SVC(tfidf=True, ngram_n=1, kernel=linear), SVC(tfidf=True, ngram_n=2, kernel=linear), SVC(tfidf=False, ngram_n=1, kernel=linear)], LogisticRegression(C=1.0, class_weight=None, dual=False, fit_intercept=True,
          intercept_scaling=1, max_iter=100, multi_class='ovr', n_jobs=1,
          penalty='l2', random_state=None, solver='liblinear', tol=0.0001,
          verbose=0, warm_start=False), folds=5, use_proba=True)",22309.4111578
polarity.txt,Stacker LogReg,0.811190997187,"StackingTextClassifier([MLP(layers=1, units=360, dropout_rate=0.87, max_vocab_size=22000, epochs=12, batch_size=128), MLP(layers=2, units=180, dropout_rate=0.6, max_vocab_size=22000, epochs=5, batch_size=128), MLP(layers=3, units=512, dropout_rate=0.2, max_vocab_size=10000, epochs=20, batch_size=128), LSTMClassifier(dropout_rate=0.45, rec_dropout_rate=0.35, optimizer=adam, batch_size=128, epochs=18, bidirectional=False, layers=3, embedding_dim=24, max_seq_len=50, embeddings_path=None, units=250), LSTMClassifier(dropout_rate=0.45, rec_dropout_rate=0.4, optimizer=rmsprop, batch_size=128, epochs=60, bidirectional=False, layers=2, embedding_dim=12, max_seq_len=50, embeddings_path=None, units=80), LSTMClassifier(dropout_rate=0.25, rec_dropout_rate=0.5, optimizer=rmsprop, batch_size=128, epochs=42, bidirectional=True, layers=2, embedding_dim=100, max_seq_len=50, embeddings_path=../data/glove.6B/glove.6B.100d.txt, units=16), LSTMClassifier(dropout_rate=0.25, rec_dropout_rate=0.5, optimizer=rmsprop, batch_size=128, epochs=42, bidirectional=False, layers=2, embedding_dim=100, max_seq_len=50, embeddings_path=../data/glove.6B/glove.6B.100d.txt, units=32), YKimCNN(optimizer=adam, num_filters=5, batch_size=128, epochs=53, dropout_rates=(0.64, 0.47), embedding_dim=45, max_seq_len=50, filter_sizes=(3, 5, 7), embeddings_path=None, units=40), YKimCNN(optimizer=adam, num_filters=75, batch_size=128, epochs=33, dropout_rates=(0.2, 0.8), embedding_dim=100, max_seq_len=50, filter_sizes=(3, 5), embeddings_path=../data/glove.6B/glove.6B.100d.txt, units=50), BLSTM2DCNN(dropout_rate=0.4, rec_dropout_rate=0.88, optimizer=rmsprop, batch_size=64, epochs=31, bidirectional=False, embedding_dim=100, max_seq_len=50, embeddings_path=../data/glove.6B/glove.6B.100d.txt, units=8, conv_filters=32), BLSTM2DCNN(dropout_rate=0.4, rec_dropout_rate=0.75, optimizer=adam, batch_size=128, epochs=26, bidirectional=False, embedding_dim=15, max_seq_len=50, embeddings_path=None, units=162, conv_filters=32), MultinomialNB(tfidf=True, ngram_n=1), MultinomialNB(tfidf=True, ngram_n=2), MultinomialNB(tfidf=True, ngram_n=3), MultinomialNB(tfidf=False, ngram_n=1), MultinomialNB(tfidf=False, ngram_n=2), SVC(tfidf=True, ngram_n=1, kernel=linear), SVC(tfidf=True, ngram_n=2, kernel=linear), SVC(tfidf=False, ngram_n=1, kernel=linear)], LogisticRegression(C=1.0, class_weight=None, dual=False, fit_intercept=True,
          intercept_scaling=1, max_iter=100, multi_class='ovr', n_jobs=1,
          penalty='l2', random_state=None, solver='liblinear', tol=0.0001,
          verbose=0, warm_start=False), folds=5, use_proba=True)",22336.4284661
polarity.txt,Stacker LogReg,0.803376055017,"StackingTextClassifier([MLP(layers=1, units=360, dropout_rate=0.87, max_vocab_size=22000, epochs=12, batch_size=128), MLP(layers=2, units=180, dropout_rate=0.6, max_vocab_size=22000, epochs=5, batch_size=128), MLP(layers=3, units=512, dropout_rate=0.2, max_vocab_size=10000, epochs=20, batch_size=128), LSTMClassifier(dropout_rate=0.45, rec_dropout_rate=0.35, optimizer=adam, batch_size=128, epochs=18, bidirectional=False, layers=3, embedding_dim=24, max_seq_len=50, embeddings_path=None, units=250), LSTMClassifier(dropout_rate=0.45, rec_dropout_rate=0.4, optimizer=rmsprop, batch_size=128, epochs=60, bidirectional=False, layers=2, embedding_dim=12, max_seq_len=50, embeddings_path=None, units=80), LSTMClassifier(dropout_rate=0.25, rec_dropout_rate=0.5, optimizer=rmsprop, batch_size=128, epochs=42, bidirectional=True, layers=2, embedding_dim=100, max_seq_len=50, embeddings_path=../data/glove.6B/glove.6B.100d.txt, units=16), LSTMClassifier(dropout_rate=0.25, rec_dropout_rate=0.5, optimizer=rmsprop, batch_size=128, epochs=42, bidirectional=False, layers=2, embedding_dim=100, max_seq_len=50, embeddings_path=../data/glove.6B/glove.6B.100d.txt, units=32), YKimCNN(optimizer=adam, num_filters=5, batch_size=128, epochs=53, dropout_rates=(0.64, 0.47), embedding_dim=45, max_seq_len=50, filter_sizes=(3, 5, 7), embeddings_path=None, units=40), YKimCNN(optimizer=adam, num_filters=75, batch_size=128, epochs=33, dropout_rates=(0.2, 0.8), embedding_dim=100, max_seq_len=50, filter_sizes=(3, 5), embeddings_path=../data/glove.6B/glove.6B.100d.txt, units=50), BLSTM2DCNN(dropout_rate=0.4, rec_dropout_rate=0.88, optimizer=rmsprop, batch_size=64, epochs=31, bidirectional=False, embedding_dim=100, max_seq_len=50, embeddings_path=../data/glove.6B/glove.6B.100d.txt, units=8, conv_filters=32), BLSTM2DCNN(dropout_rate=0.4, rec_dropout_rate=0.75, optimizer=adam, batch_size=128, epochs=26, bidirectional=False, embedding_dim=15, max_seq_len=50, embeddings_path=None, units=162, conv_filters=32), MultinomialNB(tfidf=True, ngram_n=1), MultinomialNB(tfidf=True, ngram_n=2), MultinomialNB(tfidf=True, ngram_n=3), MultinomialNB(tfidf=False, ngram_n=1), MultinomialNB(tfidf=False, ngram_n=2), SVC(tfidf=True, ngram_n=1, kernel=linear), SVC(tfidf=True, ngram_n=2, kernel=linear), SVC(tfidf=False, ngram_n=1, kernel=linear)], LogisticRegression(C=1.0, class_weight=None, dual=False, fit_intercept=True,
          intercept_scaling=1, max_iter=100, multi_class='ovr', n_jobs=1,
          penalty='l2', random_state=None, solver='liblinear', tol=0.0001,
          verbose=0, warm_start=False), folds=5, use_proba=True)",22376.8367491
polarity.txt,Stacker LogReg,0.80994060644,"StackingTextClassifier([MLP(layers=1, units=360, dropout_rate=0.87, max_vocab_size=22000, epochs=12, batch_size=128), MLP(layers=2, units=180, dropout_rate=0.6, max_vocab_size=22000, epochs=5, batch_size=128), MLP(layers=3, units=512, dropout_rate=0.2, max_vocab_size=10000, epochs=20, batch_size=128), LSTMClassifier(dropout_rate=0.45, rec_dropout_rate=0.35, optimizer=adam, batch_size=128, epochs=18, bidirectional=False, layers=3, embedding_dim=24, max_seq_len=50, embeddings_path=None, units=250), LSTMClassifier(dropout_rate=0.45, rec_dropout_rate=0.4, optimizer=rmsprop, batch_size=128, epochs=60, bidirectional=False, layers=2, embedding_dim=12, max_seq_len=50, embeddings_path=None, units=80), LSTMClassifier(dropout_rate=0.25, rec_dropout_rate=0.5, optimizer=rmsprop, batch_size=128, epochs=42, bidirectional=True, layers=2, embedding_dim=100, max_seq_len=50, embeddings_path=../data/glove.6B/glove.6B.100d.txt, units=16), LSTMClassifier(dropout_rate=0.25, rec_dropout_rate=0.5, optimizer=rmsprop, batch_size=128, epochs=42, bidirectional=False, layers=2, embedding_dim=100, max_seq_len=50, embeddings_path=../data/glove.6B/glove.6B.100d.txt, units=32), YKimCNN(optimizer=adam, num_filters=5, batch_size=128, epochs=53, dropout_rates=(0.64, 0.47), embedding_dim=45, max_seq_len=50, filter_sizes=(3, 5, 7), embeddings_path=None, units=40), YKimCNN(optimizer=adam, num_filters=75, batch_size=128, epochs=33, dropout_rates=(0.2, 0.8), embedding_dim=100, max_seq_len=50, filter_sizes=(3, 5), embeddings_path=../data/glove.6B/glove.6B.100d.txt, units=50), BLSTM2DCNN(dropout_rate=0.4, rec_dropout_rate=0.88, optimizer=rmsprop, batch_size=64, epochs=31, bidirectional=False, embedding_dim=100, max_seq_len=50, embeddings_path=../data/glove.6B/glove.6B.100d.txt, units=8, conv_filters=32), BLSTM2DCNN(dropout_rate=0.4, rec_dropout_rate=0.75, optimizer=adam, batch_size=128, epochs=26, bidirectional=False, embedding_dim=15, max_seq_len=50, embeddings_path=None, units=162, conv_filters=32), MultinomialNB(tfidf=True, ngram_n=1), MultinomialNB(tfidf=True, ngram_n=2), MultinomialNB(tfidf=True, ngram_n=3), MultinomialNB(tfidf=False, ngram_n=1), MultinomialNB(tfidf=False, ngram_n=2), SVC(tfidf=True, ngram_n=1, kernel=linear), SVC(tfidf=True, ngram_n=2, kernel=linear), SVC(tfidf=False, ngram_n=1, kernel=linear)], LogisticRegression(C=1.0, class_weight=None, dual=False, fit_intercept=True,
          intercept_scaling=1, max_iter=100, multi_class='ovr', n_jobs=1,
          penalty='l2', random_state=None, solver='liblinear', tol=0.0001,
          verbose=0, warm_start=False), folds=5, use_proba=True)",22478.7715242
polarity.txt,Stacker XGB,0.788371366052,"StackingTextClassifier([MLP(layers=1, units=360, dropout_rate=0.87, max_vocab_size=22000, epochs=12, batch_size=128), MLP(layers=2, units=180, dropout_rate=0.6, max_vocab_size=22000, epochs=5, batch_size=128), MLP(layers=3, units=512, dropout_rate=0.2, max_vocab_size=10000, epochs=20, batch_size=128), LSTMClassifier(dropout_rate=0.45, rec_dropout_rate=0.35, optimizer=adam, batch_size=128, epochs=18, bidirectional=False, layers=3, embedding_dim=24, max_seq_len=50, embeddings_path=None, units=250), LSTMClassifier(dropout_rate=0.45, rec_dropout_rate=0.4, optimizer=rmsprop, batch_size=128, epochs=60, bidirectional=False, layers=2, embedding_dim=12, max_seq_len=50, embeddings_path=None, units=80), LSTMClassifier(dropout_rate=0.25, rec_dropout_rate=0.5, optimizer=rmsprop, batch_size=128, epochs=42, bidirectional=True, layers=2, embedding_dim=100, max_seq_len=50, embeddings_path=../data/glove.6B/glove.6B.100d.txt, units=16), LSTMClassifier(dropout_rate=0.25, rec_dropout_rate=0.5, optimizer=rmsprop, batch_size=128, epochs=42, bidirectional=False, layers=2, embedding_dim=100, max_seq_len=50, embeddings_path=../data/glove.6B/glove.6B.100d.txt, units=32), YKimCNN(optimizer=adam, num_filters=5, batch_size=128, epochs=53, dropout_rates=(0.64, 0.47), embedding_dim=45, max_seq_len=50, filter_sizes=(3, 5, 7), embeddings_path=None, units=40), YKimCNN(optimizer=adam, num_filters=75, batch_size=128, epochs=33, dropout_rates=(0.2, 0.8), embedding_dim=100, max_seq_len=50, filter_sizes=(3, 5), embeddings_path=../data/glove.6B/glove.6B.100d.txt, units=50), BLSTM2DCNN(dropout_rate=0.4, rec_dropout_rate=0.88, optimizer=rmsprop, batch_size=64, epochs=31, bidirectional=False, embedding_dim=100, max_seq_len=50, embeddings_path=../data/glove.6B/glove.6B.100d.txt, units=8, conv_filters=32), BLSTM2DCNN(dropout_rate=0.4, rec_dropout_rate=0.75, optimizer=adam, batch_size=128, epochs=26, bidirectional=False, embedding_dim=15, max_seq_len=50, embeddings_path=None, units=162, conv_filters=32), MultinomialNB(tfidf=True, ngram_n=1), MultinomialNB(tfidf=True, ngram_n=2), MultinomialNB(tfidf=True, ngram_n=3), MultinomialNB(tfidf=False, ngram_n=1), MultinomialNB(tfidf=False, ngram_n=2), SVC(tfidf=True, ngram_n=1, kernel=linear), SVC(tfidf=True, ngram_n=2, kernel=linear), SVC(tfidf=False, ngram_n=1, kernel=linear)], XGBClassifier(base_score=0.5, colsample_bylevel=1, colsample_bytree=1,
       gamma=0, learning_rate=0.1, max_delta_step=0, max_depth=3,
       min_child_weight=1, missing=None, n_estimators=100, nthread=-1,
       objective='binary:logistic', reg_alpha=0, reg_lambda=1,
       scale_pos_weight=1, seed=0, silent=True, subsample=1), folds=5, use_proba=False)",21934.526931
polarity.txt,Stacker XGB,0.794310722101,"StackingTextClassifier([MLP(layers=1, units=360, dropout_rate=0.87, max_vocab_size=22000, epochs=12, batch_size=128), MLP(layers=2, units=180, dropout_rate=0.6, max_vocab_size=22000, epochs=5, batch_size=128), MLP(layers=3, units=512, dropout_rate=0.2, max_vocab_size=10000, epochs=20, batch_size=128), LSTMClassifier(dropout_rate=0.45, rec_dropout_rate=0.35, optimizer=adam, batch_size=128, epochs=18, bidirectional=False, layers=3, embedding_dim=24, max_seq_len=50, embeddings_path=None, units=250), LSTMClassifier(dropout_rate=0.45, rec_dropout_rate=0.4, optimizer=rmsprop, batch_size=128, epochs=60, bidirectional=False, layers=2, embedding_dim=12, max_seq_len=50, embeddings_path=None, units=80), LSTMClassifier(dropout_rate=0.25, rec_dropout_rate=0.5, optimizer=rmsprop, batch_size=128, epochs=42, bidirectional=True, layers=2, embedding_dim=100, max_seq_len=50, embeddings_path=../data/glove.6B/glove.6B.100d.txt, units=16), LSTMClassifier(dropout_rate=0.25, rec_dropout_rate=0.5, optimizer=rmsprop, batch_size=128, epochs=42, bidirectional=False, layers=2, embedding_dim=100, max_seq_len=50, embeddings_path=../data/glove.6B/glove.6B.100d.txt, units=32), YKimCNN(optimizer=adam, num_filters=5, batch_size=128, epochs=53, dropout_rates=(0.64, 0.47), embedding_dim=45, max_seq_len=50, filter_sizes=(3, 5, 7), embeddings_path=None, units=40), YKimCNN(optimizer=adam, num_filters=75, batch_size=128, epochs=33, dropout_rates=(0.2, 0.8), embedding_dim=100, max_seq_len=50, filter_sizes=(3, 5), embeddings_path=../data/glove.6B/glove.6B.100d.txt, units=50), BLSTM2DCNN(dropout_rate=0.4, rec_dropout_rate=0.88, optimizer=rmsprop, batch_size=64, epochs=31, bidirectional=False, embedding_dim=100, max_seq_len=50, embeddings_path=../data/glove.6B/glove.6B.100d.txt, units=8, conv_filters=32), BLSTM2DCNN(dropout_rate=0.4, rec_dropout_rate=0.75, optimizer=adam, batch_size=128, epochs=26, bidirectional=False, embedding_dim=15, max_seq_len=50, embeddings_path=None, units=162, conv_filters=32), MultinomialNB(tfidf=True, ngram_n=1), MultinomialNB(tfidf=True, ngram_n=2), MultinomialNB(tfidf=True, ngram_n=3), MultinomialNB(tfidf=False, ngram_n=1), MultinomialNB(tfidf=False, ngram_n=2), SVC(tfidf=True, ngram_n=1, kernel=linear), SVC(tfidf=True, ngram_n=2, kernel=linear), SVC(tfidf=False, ngram_n=1, kernel=linear)], XGBClassifier(base_score=0.5, colsample_bylevel=1, colsample_bytree=1,
       gamma=0, learning_rate=0.1, max_delta_step=0, max_depth=3,
       min_child_weight=1, missing=None, n_estimators=100, nthread=-1,
       objective='binary:logistic', reg_alpha=0, reg_lambda=1,
       scale_pos_weight=1, seed=0, silent=True, subsample=1), folds=5, use_proba=False)",22049.7688439
polarity.txt,Stacker XGB,0.796186308221,"StackingTextClassifier([MLP(layers=1, units=360, dropout_rate=0.87, max_vocab_size=22000, epochs=12, batch_size=128), MLP(layers=2, units=180, dropout_rate=0.6, max_vocab_size=22000, epochs=5, batch_size=128), MLP(layers=3, units=512, dropout_rate=0.2, max_vocab_size=10000, epochs=20, batch_size=128), LSTMClassifier(dropout_rate=0.45, rec_dropout_rate=0.35, optimizer=adam, batch_size=128, epochs=18, bidirectional=False, layers=3, embedding_dim=24, max_seq_len=50, embeddings_path=None, units=250), LSTMClassifier(dropout_rate=0.45, rec_dropout_rate=0.4, optimizer=rmsprop, batch_size=128, epochs=60, bidirectional=False, layers=2, embedding_dim=12, max_seq_len=50, embeddings_path=None, units=80), LSTMClassifier(dropout_rate=0.25, rec_dropout_rate=0.5, optimizer=rmsprop, batch_size=128, epochs=42, bidirectional=True, layers=2, embedding_dim=100, max_seq_len=50, embeddings_path=../data/glove.6B/glove.6B.100d.txt, units=16), LSTMClassifier(dropout_rate=0.25, rec_dropout_rate=0.5, optimizer=rmsprop, batch_size=128, epochs=42, bidirectional=False, layers=2, embedding_dim=100, max_seq_len=50, embeddings_path=../data/glove.6B/glove.6B.100d.txt, units=32), YKimCNN(optimizer=adam, num_filters=5, batch_size=128, epochs=53, dropout_rates=(0.64, 0.47), embedding_dim=45, max_seq_len=50, filter_sizes=(3, 5, 7), embeddings_path=None, units=40), YKimCNN(optimizer=adam, num_filters=75, batch_size=128, epochs=33, dropout_rates=(0.2, 0.8), embedding_dim=100, max_seq_len=50, filter_sizes=(3, 5), embeddings_path=../data/glove.6B/glove.6B.100d.txt, units=50), BLSTM2DCNN(dropout_rate=0.4, rec_dropout_rate=0.88, optimizer=rmsprop, batch_size=64, epochs=31, bidirectional=False, embedding_dim=100, max_seq_len=50, embeddings_path=../data/glove.6B/glove.6B.100d.txt, units=8, conv_filters=32), BLSTM2DCNN(dropout_rate=0.4, rec_dropout_rate=0.75, optimizer=adam, batch_size=128, epochs=26, bidirectional=False, embedding_dim=15, max_seq_len=50, embeddings_path=None, units=162, conv_filters=32), MultinomialNB(tfidf=True, ngram_n=1), MultinomialNB(tfidf=True, ngram_n=2), MultinomialNB(tfidf=True, ngram_n=3), MultinomialNB(tfidf=False, ngram_n=1), MultinomialNB(tfidf=False, ngram_n=2), SVC(tfidf=True, ngram_n=1, kernel=linear), SVC(tfidf=True, ngram_n=2, kernel=linear), SVC(tfidf=False, ngram_n=1, kernel=linear)], XGBClassifier(base_score=0.5, colsample_bylevel=1, colsample_bytree=1,
       gamma=0, learning_rate=0.1, max_delta_step=0, max_depth=3,
       min_child_weight=1, missing=None, n_estimators=100, nthread=-1,
       objective='binary:logistic', reg_alpha=0, reg_lambda=1,
       scale_pos_weight=1, seed=0, silent=True, subsample=1), folds=5, use_proba=False)",22030.73577
polarity.txt,Stacker XGB,0.784620193811,"StackingTextClassifier([MLP(layers=1, units=360, dropout_rate=0.87, max_vocab_size=22000, epochs=12, batch_size=128), MLP(layers=2, units=180, dropout_rate=0.6, max_vocab_size=22000, epochs=5, batch_size=128), MLP(layers=3, units=512, dropout_rate=0.2, max_vocab_size=10000, epochs=20, batch_size=128), LSTMClassifier(dropout_rate=0.45, rec_dropout_rate=0.35, optimizer=adam, batch_size=128, epochs=18, bidirectional=False, layers=3, embedding_dim=24, max_seq_len=50, embeddings_path=None, units=250), LSTMClassifier(dropout_rate=0.45, rec_dropout_rate=0.4, optimizer=rmsprop, batch_size=128, epochs=60, bidirectional=False, layers=2, embedding_dim=12, max_seq_len=50, embeddings_path=None, units=80), LSTMClassifier(dropout_rate=0.25, rec_dropout_rate=0.5, optimizer=rmsprop, batch_size=128, epochs=42, bidirectional=True, layers=2, embedding_dim=100, max_seq_len=50, embeddings_path=../data/glove.6B/glove.6B.100d.txt, units=16), LSTMClassifier(dropout_rate=0.25, rec_dropout_rate=0.5, optimizer=rmsprop, batch_size=128, epochs=42, bidirectional=False, layers=2, embedding_dim=100, max_seq_len=50, embeddings_path=../data/glove.6B/glove.6B.100d.txt, units=32), YKimCNN(optimizer=adam, num_filters=5, batch_size=128, epochs=53, dropout_rates=(0.64, 0.47), embedding_dim=45, max_seq_len=50, filter_sizes=(3, 5, 7), embeddings_path=None, units=40), YKimCNN(optimizer=adam, num_filters=75, batch_size=128, epochs=33, dropout_rates=(0.2, 0.8), embedding_dim=100, max_seq_len=50, filter_sizes=(3, 5), embeddings_path=../data/glove.6B/glove.6B.100d.txt, units=50), BLSTM2DCNN(dropout_rate=0.4, rec_dropout_rate=0.88, optimizer=rmsprop, batch_size=64, epochs=31, bidirectional=False, embedding_dim=100, max_seq_len=50, embeddings_path=../data/glove.6B/glove.6B.100d.txt, units=8, conv_filters=32), BLSTM2DCNN(dropout_rate=0.4, rec_dropout_rate=0.75, optimizer=adam, batch_size=128, epochs=26, bidirectional=False, embedding_dim=15, max_seq_len=50, embeddings_path=None, units=162, conv_filters=32), MultinomialNB(tfidf=True, ngram_n=1), MultinomialNB(tfidf=True, ngram_n=2), MultinomialNB(tfidf=True, ngram_n=3), MultinomialNB(tfidf=False, ngram_n=1), MultinomialNB(tfidf=False, ngram_n=2), SVC(tfidf=True, ngram_n=1, kernel=linear), SVC(tfidf=True, ngram_n=2, kernel=linear), SVC(tfidf=False, ngram_n=1, kernel=linear)], XGBClassifier(base_score=0.5, colsample_bylevel=1, colsample_bytree=1,
       gamma=0, learning_rate=0.1, max_delta_step=0, max_depth=3,
       min_child_weight=1, missing=None, n_estimators=100, nthread=-1,
       objective='binary:logistic', reg_alpha=0, reg_lambda=1,
       scale_pos_weight=1, seed=0, silent=True, subsample=1), folds=5, use_proba=False)",22068.765734
polarity.txt,Stacker XGB,0.802438261957,"StackingTextClassifier([MLP(layers=1, units=360, dropout_rate=0.87, max_vocab_size=22000, epochs=12, batch_size=128), MLP(layers=2, units=180, dropout_rate=0.6, max_vocab_size=22000, epochs=5, batch_size=128), MLP(layers=3, units=512, dropout_rate=0.2, max_vocab_size=10000, epochs=20, batch_size=128), LSTMClassifier(dropout_rate=0.45, rec_dropout_rate=0.35, optimizer=adam, batch_size=128, epochs=18, bidirectional=False, layers=3, embedding_dim=24, max_seq_len=50, embeddings_path=None, units=250), LSTMClassifier(dropout_rate=0.45, rec_dropout_rate=0.4, optimizer=rmsprop, batch_size=128, epochs=60, bidirectional=False, layers=2, embedding_dim=12, max_seq_len=50, embeddings_path=None, units=80), LSTMClassifier(dropout_rate=0.25, rec_dropout_rate=0.5, optimizer=rmsprop, batch_size=128, epochs=42, bidirectional=True, layers=2, embedding_dim=100, max_seq_len=50, embeddings_path=../data/glove.6B/glove.6B.100d.txt, units=16), LSTMClassifier(dropout_rate=0.25, rec_dropout_rate=0.5, optimizer=rmsprop, batch_size=128, epochs=42, bidirectional=False, layers=2, embedding_dim=100, max_seq_len=50, embeddings_path=../data/glove.6B/glove.6B.100d.txt, units=32), YKimCNN(optimizer=adam, num_filters=5, batch_size=128, epochs=53, dropout_rates=(0.64, 0.47), embedding_dim=45, max_seq_len=50, filter_sizes=(3, 5, 7), embeddings_path=None, units=40), YKimCNN(optimizer=adam, num_filters=75, batch_size=128, epochs=33, dropout_rates=(0.2, 0.8), embedding_dim=100, max_seq_len=50, filter_sizes=(3, 5), embeddings_path=../data/glove.6B/glove.6B.100d.txt, units=50), BLSTM2DCNN(dropout_rate=0.4, rec_dropout_rate=0.88, optimizer=rmsprop, batch_size=64, epochs=31, bidirectional=False, embedding_dim=100, max_seq_len=50, embeddings_path=../data/glove.6B/glove.6B.100d.txt, units=8, conv_filters=32), BLSTM2DCNN(dropout_rate=0.4, rec_dropout_rate=0.75, optimizer=adam, batch_size=128, epochs=26, bidirectional=False, embedding_dim=15, max_seq_len=50, embeddings_path=None, units=162, conv_filters=32), MultinomialNB(tfidf=True, ngram_n=1), MultinomialNB(tfidf=True, ngram_n=2), MultinomialNB(tfidf=True, ngram_n=3), MultinomialNB(tfidf=False, ngram_n=1), MultinomialNB(tfidf=False, ngram_n=2), SVC(tfidf=True, ngram_n=1, kernel=linear), SVC(tfidf=True, ngram_n=2, kernel=linear), SVC(tfidf=False, ngram_n=1, kernel=linear)], XGBClassifier(base_score=0.5, colsample_bylevel=1, colsample_bytree=1,
       gamma=0, learning_rate=0.1, max_delta_step=0, max_depth=3,
       min_child_weight=1, missing=None, n_estimators=100, nthread=-1,
       objective='binary:logistic', reg_alpha=0, reg_lambda=1,
       scale_pos_weight=1, seed=0, silent=True, subsample=1), folds=5, use_proba=False)",21983.432245
subjectivity_10k.txt,MLP 1x360,0.913666666667,"MLP(layers=1, units=360, dropout_rate=0.87, max_vocab_size=22000, epochs=12, batch_size=128)",17.8588960171
subjectivity_10k.txt,MLP 1x360,0.911333333333,"MLP(layers=1, units=360, dropout_rate=0.87, max_vocab_size=22000, epochs=12, batch_size=128)",17.0691449642
subjectivity_10k.txt,MLP 1x360,0.915333333333,"MLP(layers=1, units=360, dropout_rate=0.87, max_vocab_size=22000, epochs=12, batch_size=128)",16.5587530136
subjectivity_10k.txt,MLP 1x360,0.901333333333,"MLP(layers=1, units=360, dropout_rate=0.87, max_vocab_size=22000, epochs=12, batch_size=128)",16.3863229752
subjectivity_10k.txt,MLP 1x360,0.909666666667,"MLP(layers=1, units=360, dropout_rate=0.87, max_vocab_size=22000, epochs=12, batch_size=128)",16.4249370098
subjectivity_10k.txt,MLP 2x180,0.910333333333,"MLP(layers=2, units=180, dropout_rate=0.6, max_vocab_size=22000, epochs=5, batch_size=128)",8.34656906128
subjectivity_10k.txt,MLP 2x180,0.906,"MLP(layers=2, units=180, dropout_rate=0.6, max_vocab_size=22000, epochs=5, batch_size=128)",8.05596184731
subjectivity_10k.txt,MLP 2x180,0.913333333333,"MLP(layers=2, units=180, dropout_rate=0.6, max_vocab_size=22000, epochs=5, batch_size=128)",7.94170308113
subjectivity_10k.txt,MLP 2x180,0.896333333333,"MLP(layers=2, units=180, dropout_rate=0.6, max_vocab_size=22000, epochs=5, batch_size=128)",8.01948809624
subjectivity_10k.txt,MLP 2x180,0.909333333333,"MLP(layers=2, units=180, dropout_rate=0.6, max_vocab_size=22000, epochs=5, batch_size=128)",7.97711205482
subjectivity_10k.txt,MLP 3x512,0.908,"MLP(layers=3, units=512, dropout_rate=0.2, max_vocab_size=10000, epochs=20, batch_size=128)",20.03408885
subjectivity_10k.txt,MLP 3x512,0.903666666667,"MLP(layers=3, units=512, dropout_rate=0.2, max_vocab_size=10000, epochs=20, batch_size=128)",20.7316169739
subjectivity_10k.txt,MLP 3x512,0.914,"MLP(layers=3, units=512, dropout_rate=0.2, max_vocab_size=10000, epochs=20, batch_size=128)",20.3480169773
subjectivity_10k.txt,MLP 3x512,0.902666666667,"MLP(layers=3, units=512, dropout_rate=0.2, max_vocab_size=10000, epochs=20, batch_size=128)",20.5652458668
subjectivity_10k.txt,MLP 3x512,0.908666666667,"MLP(layers=3, units=512, dropout_rate=0.2, max_vocab_size=10000, epochs=20, batch_size=128)",25.7979049683
subjectivity_10k.txt,LSTM 24D,0.874333333333,"LSTMClassifier(dropout_rate=0.45, rec_dropout_rate=0.35, optimizer=adam, batch_size=128, epochs=18, bidirectional=False, layers=3, embedding_dim=24, max_seq_len=50, embeddings_path=None, units=250)",474.840567112
subjectivity_10k.txt,LSTM 24D,0.870666666667,"LSTMClassifier(dropout_rate=0.45, rec_dropout_rate=0.35, optimizer=adam, batch_size=128, epochs=18, bidirectional=False, layers=3, embedding_dim=24, max_seq_len=50, embeddings_path=None, units=250)",414.822195053
subjectivity_10k.txt,LSTM 24D,0.868,"LSTMClassifier(dropout_rate=0.45, rec_dropout_rate=0.35, optimizer=adam, batch_size=128, epochs=18, bidirectional=False, layers=3, embedding_dim=24, max_seq_len=50, embeddings_path=None, units=250)",407.007012844
subjectivity_10k.txt,LSTM 24D,0.861333333333,"LSTMClassifier(dropout_rate=0.45, rec_dropout_rate=0.35, optimizer=adam, batch_size=128, epochs=18, bidirectional=False, layers=3, embedding_dim=24, max_seq_len=50, embeddings_path=None, units=250)",407.949439049
subjectivity_10k.txt,LSTM 24D,0.868333333333,"LSTMClassifier(dropout_rate=0.45, rec_dropout_rate=0.35, optimizer=adam, batch_size=128, epochs=18, bidirectional=False, layers=3, embedding_dim=24, max_seq_len=50, embeddings_path=None, units=250)",409.900124073
subjectivity_10k.txt,LSTM 12D,0.890666666667,"LSTMClassifier(dropout_rate=0.45, rec_dropout_rate=0.4, optimizer=rmsprop, batch_size=128, epochs=60, bidirectional=False, layers=2, embedding_dim=12, max_seq_len=50, embeddings_path=None, units=80)",679.631932974
subjectivity_10k.txt,LSTM 12D,0.891666666667,"LSTMClassifier(dropout_rate=0.45, rec_dropout_rate=0.4, optimizer=rmsprop, batch_size=128, epochs=60, bidirectional=False, layers=2, embedding_dim=12, max_seq_len=50, embeddings_path=None, units=80)",661.458224058
subjectivity_10k.txt,LSTM 12D,0.879666666667,"LSTMClassifier(dropout_rate=0.45, rec_dropout_rate=0.4, optimizer=rmsprop, batch_size=128, epochs=60, bidirectional=False, layers=2, embedding_dim=12, max_seq_len=50, embeddings_path=None, units=80)",676.099786043
subjectivity_10k.txt,LSTM 12D,0.894333333333,"LSTMClassifier(dropout_rate=0.45, rec_dropout_rate=0.4, optimizer=rmsprop, batch_size=128, epochs=60, bidirectional=False, layers=2, embedding_dim=12, max_seq_len=50, embeddings_path=None, units=80)",678.558250189
subjectivity_10k.txt,LSTM 12D,0.896666666667,"LSTMClassifier(dropout_rate=0.45, rec_dropout_rate=0.4, optimizer=rmsprop, batch_size=128, epochs=60, bidirectional=False, layers=2, embedding_dim=12, max_seq_len=50, embeddings_path=None, units=80)",685.588165998
subjectivity_10k.txt,BLSTM Glove,0.914666666667,"LSTMClassifier(dropout_rate=0.25, rec_dropout_rate=0.5, optimizer=rmsprop, batch_size=128, epochs=42, bidirectional=True, layers=2, embedding_dim=100, max_seq_len=50, embeddings_path=../data/glove.6B/glove.6B.100d.txt, units=16)",827.422094822
subjectivity_10k.txt,BLSTM Glove,0.910666666667,"LSTMClassifier(dropout_rate=0.25, rec_dropout_rate=0.5, optimizer=rmsprop, batch_size=128, epochs=42, bidirectional=True, layers=2, embedding_dim=100, max_seq_len=50, embeddings_path=../data/glove.6B/glove.6B.100d.txt, units=16)",827.96835494
subjectivity_10k.txt,BLSTM Glove,0.918666666667,"LSTMClassifier(dropout_rate=0.25, rec_dropout_rate=0.5, optimizer=rmsprop, batch_size=128, epochs=42, bidirectional=True, layers=2, embedding_dim=100, max_seq_len=50, embeddings_path=../data/glove.6B/glove.6B.100d.txt, units=16)",804.747481108
subjectivity_10k.txt,BLSTM Glove,0.917666666667,"LSTMClassifier(dropout_rate=0.25, rec_dropout_rate=0.5, optimizer=rmsprop, batch_size=128, epochs=42, bidirectional=True, layers=2, embedding_dim=100, max_seq_len=50, embeddings_path=../data/glove.6B/glove.6B.100d.txt, units=16)",794.140841007
subjectivity_10k.txt,BLSTM Glove,0.924666666667,"LSTMClassifier(dropout_rate=0.25, rec_dropout_rate=0.5, optimizer=rmsprop, batch_size=128, epochs=42, bidirectional=True, layers=2, embedding_dim=100, max_seq_len=50, embeddings_path=../data/glove.6B/glove.6B.100d.txt, units=16)",804.026650906
subjectivity_10k.txt,LSTM GloVe,0.919,"LSTMClassifier(dropout_rate=0.25, rec_dropout_rate=0.5, optimizer=rmsprop, batch_size=128, epochs=42, bidirectional=False, layers=2, embedding_dim=100, max_seq_len=50, embeddings_path=../data/glove.6B/glove.6B.100d.txt, units=32)",441.855921984
subjectivity_10k.txt,LSTM GloVe,0.923333333333,"LSTMClassifier(dropout_rate=0.25, rec_dropout_rate=0.5, optimizer=rmsprop, batch_size=128, epochs=42, bidirectional=False, layers=2, embedding_dim=100, max_seq_len=50, embeddings_path=../data/glove.6B/glove.6B.100d.txt, units=32)",442.689291
subjectivity_10k.txt,LSTM GloVe,0.919333333333,"LSTMClassifier(dropout_rate=0.25, rec_dropout_rate=0.5, optimizer=rmsprop, batch_size=128, epochs=42, bidirectional=False, layers=2, embedding_dim=100, max_seq_len=50, embeddings_path=../data/glove.6B/glove.6B.100d.txt, units=32)",444.093412876
subjectivity_10k.txt,LSTM GloVe,0.918333333333,"LSTMClassifier(dropout_rate=0.25, rec_dropout_rate=0.5, optimizer=rmsprop, batch_size=128, epochs=42, bidirectional=False, layers=2, embedding_dim=100, max_seq_len=50, embeddings_path=../data/glove.6B/glove.6B.100d.txt, units=32)",441.945482016
subjectivity_10k.txt,LSTM GloVe,0.925666666667,"LSTMClassifier(dropout_rate=0.25, rec_dropout_rate=0.5, optimizer=rmsprop, batch_size=128, epochs=42, bidirectional=False, layers=2, embedding_dim=100, max_seq_len=50, embeddings_path=../data/glove.6B/glove.6B.100d.txt, units=32)",442.998774052
subjectivity_10k.txt,CNN 45D,0.890333333333,"YKimCNN(optimizer=adam, num_filters=5, batch_size=128, epochs=53, dropout_rates=(0.64, 0.47), embedding_dim=45, max_seq_len=50, filter_sizes=(3, 5, 7), embeddings_path=None, units=40)",42.3983359337
subjectivity_10k.txt,CNN 45D,0.894333333333,"YKimCNN(optimizer=adam, num_filters=5, batch_size=128, epochs=53, dropout_rates=(0.64, 0.47), embedding_dim=45, max_seq_len=50, filter_sizes=(3, 5, 7), embeddings_path=None, units=40)",45.4008150101
subjectivity_10k.txt,CNN 45D,0.895666666667,"YKimCNN(optimizer=adam, num_filters=5, batch_size=128, epochs=53, dropout_rates=(0.64, 0.47), embedding_dim=45, max_seq_len=50, filter_sizes=(3, 5, 7), embeddings_path=None, units=40)",42.4440779686
subjectivity_10k.txt,CNN 45D,0.891333333333,"YKimCNN(optimizer=adam, num_filters=5, batch_size=128, epochs=53, dropout_rates=(0.64, 0.47), embedding_dim=45, max_seq_len=50, filter_sizes=(3, 5, 7), embeddings_path=None, units=40)",42.1853528023
subjectivity_10k.txt,CNN 45D,0.893666666667,"YKimCNN(optimizer=adam, num_filters=5, batch_size=128, epochs=53, dropout_rates=(0.64, 0.47), embedding_dim=45, max_seq_len=50, filter_sizes=(3, 5, 7), embeddings_path=None, units=40)",43.0952289104
subjectivity_10k.txt,CNN GloVe,0.895333333333,"YKimCNN(optimizer=adam, num_filters=75, batch_size=128, epochs=33, dropout_rates=(0.2, 0.8), embedding_dim=100, max_seq_len=50, filter_sizes=(3, 5), embeddings_path=../data/glove.6B/glove.6B.100d.txt, units=50)",34.8317849636
subjectivity_10k.txt,CNN GloVe,0.902333333333,"YKimCNN(optimizer=adam, num_filters=75, batch_size=128, epochs=33, dropout_rates=(0.2, 0.8), embedding_dim=100, max_seq_len=50, filter_sizes=(3, 5), embeddings_path=../data/glove.6B/glove.6B.100d.txt, units=50)",35.3294479847
subjectivity_10k.txt,CNN GloVe,0.901333333333,"YKimCNN(optimizer=adam, num_filters=75, batch_size=128, epochs=33, dropout_rates=(0.2, 0.8), embedding_dim=100, max_seq_len=50, filter_sizes=(3, 5), embeddings_path=../data/glove.6B/glove.6B.100d.txt, units=50)",35.359333992
subjectivity_10k.txt,CNN GloVe,0.900666666667,"YKimCNN(optimizer=adam, num_filters=75, batch_size=128, epochs=33, dropout_rates=(0.2, 0.8), embedding_dim=100, max_seq_len=50, filter_sizes=(3, 5), embeddings_path=../data/glove.6B/glove.6B.100d.txt, units=50)",37.9757199287
subjectivity_10k.txt,CNN GloVe,0.903666666667,"YKimCNN(optimizer=adam, num_filters=75, batch_size=128, epochs=33, dropout_rates=(0.2, 0.8), embedding_dim=100, max_seq_len=50, filter_sizes=(3, 5), embeddings_path=../data/glove.6B/glove.6B.100d.txt, units=50)",35.0709040165
subjectivity_10k.txt,BLSTM2DCNN GloVe,0.893333333333,"BLSTM2DCNN(dropout_rate=0.4, rec_dropout_rate=0.88, optimizer=rmsprop, batch_size=64, epochs=31, bidirectional=False, embedding_dim=100, max_seq_len=50, embeddings_path=../data/glove.6B/glove.6B.100d.txt, units=8, conv_filters=32)",573.717265129
subjectivity_10k.txt,BLSTM2DCNN GloVe,0.867,"BLSTM2DCNN(dropout_rate=0.4, rec_dropout_rate=0.88, optimizer=rmsprop, batch_size=64, epochs=31, bidirectional=False, embedding_dim=100, max_seq_len=50, embeddings_path=../data/glove.6B/glove.6B.100d.txt, units=8, conv_filters=32)",560.434087992
subjectivity_10k.txt,BLSTM2DCNN GloVe,0.906,"BLSTM2DCNN(dropout_rate=0.4, rec_dropout_rate=0.88, optimizer=rmsprop, batch_size=64, epochs=31, bidirectional=False, embedding_dim=100, max_seq_len=50, embeddings_path=../data/glove.6B/glove.6B.100d.txt, units=8, conv_filters=32)",555.303493977
subjectivity_10k.txt,BLSTM2DCNN GloVe,0.903,"BLSTM2DCNN(dropout_rate=0.4, rec_dropout_rate=0.88, optimizer=rmsprop, batch_size=64, epochs=31, bidirectional=False, embedding_dim=100, max_seq_len=50, embeddings_path=../data/glove.6B/glove.6B.100d.txt, units=8, conv_filters=32)",556.678795099
subjectivity_10k.txt,BLSTM2DCNN GloVe,0.900333333333,"BLSTM2DCNN(dropout_rate=0.4, rec_dropout_rate=0.88, optimizer=rmsprop, batch_size=64, epochs=31, bidirectional=False, embedding_dim=100, max_seq_len=50, embeddings_path=../data/glove.6B/glove.6B.100d.txt, units=8, conv_filters=32)",555.245887041
subjectivity_10k.txt,BLSTM2dCNN 15D,0.865333333333,"BLSTM2DCNN(dropout_rate=0.4, rec_dropout_rate=0.75, optimizer=adam, batch_size=128, epochs=26, bidirectional=False, embedding_dim=15, max_seq_len=50, embeddings_path=None, units=162, conv_filters=32)",1040.59363413
subjectivity_10k.txt,BLSTM2dCNN 15D,0.860666666667,"BLSTM2DCNN(dropout_rate=0.4, rec_dropout_rate=0.75, optimizer=adam, batch_size=128, epochs=26, bidirectional=False, embedding_dim=15, max_seq_len=50, embeddings_path=None, units=162, conv_filters=32)",1039.4699831
subjectivity_10k.txt,BLSTM2dCNN 15D,0.868666666667,"BLSTM2DCNN(dropout_rate=0.4, rec_dropout_rate=0.75, optimizer=adam, batch_size=128, epochs=26, bidirectional=False, embedding_dim=15, max_seq_len=50, embeddings_path=None, units=162, conv_filters=32)",1046.35096192
subjectivity_10k.txt,BLSTM2dCNN 15D,0.864666666667,"BLSTM2DCNN(dropout_rate=0.4, rec_dropout_rate=0.75, optimizer=adam, batch_size=128, epochs=26, bidirectional=False, embedding_dim=15, max_seq_len=50, embeddings_path=None, units=162, conv_filters=32)",1044.70172596
subjectivity_10k.txt,BLSTM2dCNN 15D,0.875666666667,"BLSTM2DCNN(dropout_rate=0.4, rec_dropout_rate=0.75, optimizer=adam, batch_size=128, epochs=26, bidirectional=False, embedding_dim=15, max_seq_len=50, embeddings_path=None, units=162, conv_filters=32)",1043.76227593
subjectivity_10k.txt,MNB tfidf,0.915666666667,"MultinomialNB(tfidf=True, ngram_n=1)",0.199193000793
subjectivity_10k.txt,MNB tfidf,0.916666666667,"MultinomialNB(tfidf=True, ngram_n=1)",0.195044994354
subjectivity_10k.txt,MNB tfidf,0.923333333333,"MultinomialNB(tfidf=True, ngram_n=1)",0.195206880569
subjectivity_10k.txt,MNB tfidf,0.921666666667,"MultinomialNB(tfidf=True, ngram_n=1)",0.197093009949
subjectivity_10k.txt,MNB tfidf,0.917333333333,"MultinomialNB(tfidf=True, ngram_n=1)",0.196672916412
subjectivity_10k.txt,MNB tfidf 2-gr,0.914666666667,"MultinomialNB(tfidf=True, ngram_n=2)",0.835668802261
subjectivity_10k.txt,MNB tfidf 2-gr,0.914,"MultinomialNB(tfidf=True, ngram_n=2)",0.824903964996
subjectivity_10k.txt,MNB tfidf 2-gr,0.922666666667,"MultinomialNB(tfidf=True, ngram_n=2)",0.82554602623
subjectivity_10k.txt,MNB tfidf 2-gr,0.917,"MultinomialNB(tfidf=True, ngram_n=2)",0.828282117844
subjectivity_10k.txt,MNB tfidf 2-gr,0.916333333333,"MultinomialNB(tfidf=True, ngram_n=2)",0.827403068542
subjectivity_10k.txt,MNB tfidf 3-gr,0.915333333333,"MultinomialNB(tfidf=True, ngram_n=3)",1.54539990425
subjectivity_10k.txt,MNB tfidf 3-gr,0.915333333333,"MultinomialNB(tfidf=True, ngram_n=3)",1.59560489655
subjectivity_10k.txt,MNB tfidf 3-gr,0.918333333333,"MultinomialNB(tfidf=True, ngram_n=3)",1.569201231
subjectivity_10k.txt,MNB tfidf 3-gr,0.917333333333,"MultinomialNB(tfidf=True, ngram_n=3)",1.56025695801
subjectivity_10k.txt,MNB tfidf 3-gr,0.915666666667,"MultinomialNB(tfidf=True, ngram_n=3)",1.55632710457
subjectivity_10k.txt,MNB,0.915333333333,"MultinomialNB(tfidf=False, ngram_n=1)",0.194240093231
subjectivity_10k.txt,MNB,0.916333333333,"MultinomialNB(tfidf=False, ngram_n=1)",0.193869829178
subjectivity_10k.txt,MNB,0.922333333333,"MultinomialNB(tfidf=False, ngram_n=1)",0.19224190712
subjectivity_10k.txt,MNB,0.919,"MultinomialNB(tfidf=False, ngram_n=1)",0.192301034927
subjectivity_10k.txt,MNB,0.919,"MultinomialNB(tfidf=False, ngram_n=1)",0.192144870758
subjectivity_10k.txt,MNB 2-gr,0.920666666667,"MultinomialNB(tfidf=False, ngram_n=2)",0.813205003738
subjectivity_10k.txt,MNB 2-gr,0.922,"MultinomialNB(tfidf=False, ngram_n=2)",0.818964004517
subjectivity_10k.txt,MNB 2-gr,0.923666666667,"MultinomialNB(tfidf=False, ngram_n=2)",0.803879976273
subjectivity_10k.txt,MNB 2-gr,0.920666666667,"MultinomialNB(tfidf=False, ngram_n=2)",0.817639827728
subjectivity_10k.txt,MNB 2-gr,0.919,"MultinomialNB(tfidf=False, ngram_n=2)",0.814866065979
subjectivity_10k.txt,SVM tfidf,0.905666666667,"SVC(tfidf=True, ngram_n=1, kernel=linear)",8.072524786
subjectivity_10k.txt,SVM tfidf,0.903666666667,"SVC(tfidf=True, ngram_n=1, kernel=linear)",8.15913391113
subjectivity_10k.txt,SVM tfidf,0.908,"SVC(tfidf=True, ngram_n=1, kernel=linear)",8.1858959198
subjectivity_10k.txt,SVM tfidf,0.902333333333,"SVC(tfidf=True, ngram_n=1, kernel=linear)",8.22533607483
subjectivity_10k.txt,SVM tfidf,0.904333333333,"SVC(tfidf=True, ngram_n=1, kernel=linear)",8.20987892151
subjectivity_10k.txt,SVM tfidf 2-gr,0.907333333333,"SVC(tfidf=True, ngram_n=2, kernel=linear)",17.2434940338
subjectivity_10k.txt,SVM tfidf 2-gr,0.908666666667,"SVC(tfidf=True, ngram_n=2, kernel=linear)",17.1593019962
subjectivity_10k.txt,SVM tfidf 2-gr,0.916,"SVC(tfidf=True, ngram_n=2, kernel=linear)",17.1466450691
subjectivity_10k.txt,SVM tfidf 2-gr,0.913,"SVC(tfidf=True, ngram_n=2, kernel=linear)",17.2409229279
subjectivity_10k.txt,SVM tfidf 2-gr,0.910333333333,"SVC(tfidf=True, ngram_n=2, kernel=linear)",17.2991230488
subjectivity_10k.txt,SVM,0.890666666667,"SVC(tfidf=False, ngram_n=1, kernel=linear)",6.93029785156
subjectivity_10k.txt,SVM,0.886333333333,"SVC(tfidf=False, ngram_n=1, kernel=linear)",7.17295885086
subjectivity_10k.txt,SVM,0.888666666667,"SVC(tfidf=False, ngram_n=1, kernel=linear)",7.02465987206
subjectivity_10k.txt,SVM,0.880666666667,"SVC(tfidf=False, ngram_n=1, kernel=linear)",7.11206698418
subjectivity_10k.txt,SVM,0.888666666667,"SVC(tfidf=False, ngram_n=1, kernel=linear)",7.00476002693
subjectivity_10k.txt,Stacker LogReg,0.930333333333,"StackingTextClassifier([MLP(layers=1, units=360, dropout_rate=0.87, max_vocab_size=22000, epochs=12, batch_size=128), MLP(layers=2, units=180, dropout_rate=0.6, max_vocab_size=22000, epochs=5, batch_size=128), MLP(layers=3, units=512, dropout_rate=0.2, max_vocab_size=10000, epochs=20, batch_size=128), LSTMClassifier(dropout_rate=0.45, rec_dropout_rate=0.35, optimizer=adam, batch_size=128, epochs=18, bidirectional=False, layers=3, embedding_dim=24, max_seq_len=50, embeddings_path=None, units=250), LSTMClassifier(dropout_rate=0.45, rec_dropout_rate=0.4, optimizer=rmsprop, batch_size=128, epochs=60, bidirectional=False, layers=2, embedding_dim=12, max_seq_len=50, embeddings_path=None, units=80), LSTMClassifier(dropout_rate=0.25, rec_dropout_rate=0.5, optimizer=rmsprop, batch_size=128, epochs=42, bidirectional=True, layers=2, embedding_dim=100, max_seq_len=50, embeddings_path=../data/glove.6B/glove.6B.100d.txt, units=16), LSTMClassifier(dropout_rate=0.25, rec_dropout_rate=0.5, optimizer=rmsprop, batch_size=128, epochs=42, bidirectional=False, layers=2, embedding_dim=100, max_seq_len=50, embeddings_path=../data/glove.6B/glove.6B.100d.txt, units=32), YKimCNN(optimizer=adam, num_filters=5, batch_size=128, epochs=53, dropout_rates=(0.64, 0.47), embedding_dim=45, max_seq_len=50, filter_sizes=(3, 5, 7), embeddings_path=None, units=40), YKimCNN(optimizer=adam, num_filters=75, batch_size=128, epochs=33, dropout_rates=(0.2, 0.8), embedding_dim=100, max_seq_len=50, filter_sizes=(3, 5), embeddings_path=../data/glove.6B/glove.6B.100d.txt, units=50), BLSTM2DCNN(dropout_rate=0.4, rec_dropout_rate=0.88, optimizer=rmsprop, batch_size=64, epochs=31, bidirectional=False, embedding_dim=100, max_seq_len=50, embeddings_path=../data/glove.6B/glove.6B.100d.txt, units=8, conv_filters=32), BLSTM2DCNN(dropout_rate=0.4, rec_dropout_rate=0.75, optimizer=adam, batch_size=128, epochs=26, bidirectional=False, embedding_dim=15, max_seq_len=50, embeddings_path=None, units=162, conv_filters=32), MultinomialNB(tfidf=True, ngram_n=1), MultinomialNB(tfidf=True, ngram_n=2), MultinomialNB(tfidf=True, ngram_n=3), MultinomialNB(tfidf=False, ngram_n=1), MultinomialNB(tfidf=False, ngram_n=2), SVC(tfidf=True, ngram_n=1, kernel=linear), SVC(tfidf=True, ngram_n=2, kernel=linear), SVC(tfidf=False, ngram_n=1, kernel=linear)], LogisticRegression(C=1.0, class_weight=None, dual=False, fit_intercept=True,
          intercept_scaling=1, max_iter=100, multi_class='ovr', n_jobs=1,
          penalty='l2', random_state=None, solver='liblinear', tol=0.0001,
          verbose=0, warm_start=False), folds=5, use_proba=True)",21135.0036428
subjectivity_10k.txt,Stacker LogReg,0.932333333333,"StackingTextClassifier([MLP(layers=1, units=360, dropout_rate=0.87, max_vocab_size=22000, epochs=12, batch_size=128), MLP(layers=2, units=180, dropout_rate=0.6, max_vocab_size=22000, epochs=5, batch_size=128), MLP(layers=3, units=512, dropout_rate=0.2, max_vocab_size=10000, epochs=20, batch_size=128), LSTMClassifier(dropout_rate=0.45, rec_dropout_rate=0.35, optimizer=adam, batch_size=128, epochs=18, bidirectional=False, layers=3, embedding_dim=24, max_seq_len=50, embeddings_path=None, units=250), LSTMClassifier(dropout_rate=0.45, rec_dropout_rate=0.4, optimizer=rmsprop, batch_size=128, epochs=60, bidirectional=False, layers=2, embedding_dim=12, max_seq_len=50, embeddings_path=None, units=80), LSTMClassifier(dropout_rate=0.25, rec_dropout_rate=0.5, optimizer=rmsprop, batch_size=128, epochs=42, bidirectional=True, layers=2, embedding_dim=100, max_seq_len=50, embeddings_path=../data/glove.6B/glove.6B.100d.txt, units=16), LSTMClassifier(dropout_rate=0.25, rec_dropout_rate=0.5, optimizer=rmsprop, batch_size=128, epochs=42, bidirectional=False, layers=2, embedding_dim=100, max_seq_len=50, embeddings_path=../data/glove.6B/glove.6B.100d.txt, units=32), YKimCNN(optimizer=adam, num_filters=5, batch_size=128, epochs=53, dropout_rates=(0.64, 0.47), embedding_dim=45, max_seq_len=50, filter_sizes=(3, 5, 7), embeddings_path=None, units=40), YKimCNN(optimizer=adam, num_filters=75, batch_size=128, epochs=33, dropout_rates=(0.2, 0.8), embedding_dim=100, max_seq_len=50, filter_sizes=(3, 5), embeddings_path=../data/glove.6B/glove.6B.100d.txt, units=50), BLSTM2DCNN(dropout_rate=0.4, rec_dropout_rate=0.88, optimizer=rmsprop, batch_size=64, epochs=31, bidirectional=False, embedding_dim=100, max_seq_len=50, embeddings_path=../data/glove.6B/glove.6B.100d.txt, units=8, conv_filters=32), BLSTM2DCNN(dropout_rate=0.4, rec_dropout_rate=0.75, optimizer=adam, batch_size=128, epochs=26, bidirectional=False, embedding_dim=15, max_seq_len=50, embeddings_path=None, units=162, conv_filters=32), MultinomialNB(tfidf=True, ngram_n=1), MultinomialNB(tfidf=True, ngram_n=2), MultinomialNB(tfidf=True, ngram_n=3), MultinomialNB(tfidf=False, ngram_n=1), MultinomialNB(tfidf=False, ngram_n=2), SVC(tfidf=True, ngram_n=1, kernel=linear), SVC(tfidf=True, ngram_n=2, kernel=linear), SVC(tfidf=False, ngram_n=1, kernel=linear)], LogisticRegression(C=1.0, class_weight=None, dual=False, fit_intercept=True,
          intercept_scaling=1, max_iter=100, multi_class='ovr', n_jobs=1,
          penalty='l2', random_state=None, solver='liblinear', tol=0.0001,
          verbose=0, warm_start=False), folds=5, use_proba=True)",21218.9834781
subjectivity_10k.txt,Stacker LogReg,0.941666666667,"StackingTextClassifier([MLP(layers=1, units=360, dropout_rate=0.87, max_vocab_size=22000, epochs=12, batch_size=128), MLP(layers=2, units=180, dropout_rate=0.6, max_vocab_size=22000, epochs=5, batch_size=128), MLP(layers=3, units=512, dropout_rate=0.2, max_vocab_size=10000, epochs=20, batch_size=128), LSTMClassifier(dropout_rate=0.45, rec_dropout_rate=0.35, optimizer=adam, batch_size=128, epochs=18, bidirectional=False, layers=3, embedding_dim=24, max_seq_len=50, embeddings_path=None, units=250), LSTMClassifier(dropout_rate=0.45, rec_dropout_rate=0.4, optimizer=rmsprop, batch_size=128, epochs=60, bidirectional=False, layers=2, embedding_dim=12, max_seq_len=50, embeddings_path=None, units=80), LSTMClassifier(dropout_rate=0.25, rec_dropout_rate=0.5, optimizer=rmsprop, batch_size=128, epochs=42, bidirectional=True, layers=2, embedding_dim=100, max_seq_len=50, embeddings_path=../data/glove.6B/glove.6B.100d.txt, units=16), LSTMClassifier(dropout_rate=0.25, rec_dropout_rate=0.5, optimizer=rmsprop, batch_size=128, epochs=42, bidirectional=False, layers=2, embedding_dim=100, max_seq_len=50, embeddings_path=../data/glove.6B/glove.6B.100d.txt, units=32), YKimCNN(optimizer=adam, num_filters=5, batch_size=128, epochs=53, dropout_rates=(0.64, 0.47), embedding_dim=45, max_seq_len=50, filter_sizes=(3, 5, 7), embeddings_path=None, units=40), YKimCNN(optimizer=adam, num_filters=75, batch_size=128, epochs=33, dropout_rates=(0.2, 0.8), embedding_dim=100, max_seq_len=50, filter_sizes=(3, 5), embeddings_path=../data/glove.6B/glove.6B.100d.txt, units=50), BLSTM2DCNN(dropout_rate=0.4, rec_dropout_rate=0.88, optimizer=rmsprop, batch_size=64, epochs=31, bidirectional=False, embedding_dim=100, max_seq_len=50, embeddings_path=../data/glove.6B/glove.6B.100d.txt, units=8, conv_filters=32), BLSTM2DCNN(dropout_rate=0.4, rec_dropout_rate=0.75, optimizer=adam, batch_size=128, epochs=26, bidirectional=False, embedding_dim=15, max_seq_len=50, embeddings_path=None, units=162, conv_filters=32), MultinomialNB(tfidf=True, ngram_n=1), MultinomialNB(tfidf=True, ngram_n=2), MultinomialNB(tfidf=True, ngram_n=3), MultinomialNB(tfidf=False, ngram_n=1), MultinomialNB(tfidf=False, ngram_n=2), SVC(tfidf=True, ngram_n=1, kernel=linear), SVC(tfidf=True, ngram_n=2, kernel=linear), SVC(tfidf=False, ngram_n=1, kernel=linear)], LogisticRegression(C=1.0, class_weight=None, dual=False, fit_intercept=True,
          intercept_scaling=1, max_iter=100, multi_class='ovr', n_jobs=1,
          penalty='l2', random_state=None, solver='liblinear', tol=0.0001,
          verbose=0, warm_start=False), folds=5, use_proba=True)",21280.9611509
subjectivity_10k.txt,Stacker LogReg,0.934666666667,"StackingTextClassifier([MLP(layers=1, units=360, dropout_rate=0.87, max_vocab_size=22000, epochs=12, batch_size=128), MLP(layers=2, units=180, dropout_rate=0.6, max_vocab_size=22000, epochs=5, batch_size=128), MLP(layers=3, units=512, dropout_rate=0.2, max_vocab_size=10000, epochs=20, batch_size=128), LSTMClassifier(dropout_rate=0.45, rec_dropout_rate=0.35, optimizer=adam, batch_size=128, epochs=18, bidirectional=False, layers=3, embedding_dim=24, max_seq_len=50, embeddings_path=None, units=250), LSTMClassifier(dropout_rate=0.45, rec_dropout_rate=0.4, optimizer=rmsprop, batch_size=128, epochs=60, bidirectional=False, layers=2, embedding_dim=12, max_seq_len=50, embeddings_path=None, units=80), LSTMClassifier(dropout_rate=0.25, rec_dropout_rate=0.5, optimizer=rmsprop, batch_size=128, epochs=42, bidirectional=True, layers=2, embedding_dim=100, max_seq_len=50, embeddings_path=../data/glove.6B/glove.6B.100d.txt, units=16), LSTMClassifier(dropout_rate=0.25, rec_dropout_rate=0.5, optimizer=rmsprop, batch_size=128, epochs=42, bidirectional=False, layers=2, embedding_dim=100, max_seq_len=50, embeddings_path=../data/glove.6B/glove.6B.100d.txt, units=32), YKimCNN(optimizer=adam, num_filters=5, batch_size=128, epochs=53, dropout_rates=(0.64, 0.47), embedding_dim=45, max_seq_len=50, filter_sizes=(3, 5, 7), embeddings_path=None, units=40), YKimCNN(optimizer=adam, num_filters=75, batch_size=128, epochs=33, dropout_rates=(0.2, 0.8), embedding_dim=100, max_seq_len=50, filter_sizes=(3, 5), embeddings_path=../data/glove.6B/glove.6B.100d.txt, units=50), BLSTM2DCNN(dropout_rate=0.4, rec_dropout_rate=0.88, optimizer=rmsprop, batch_size=64, epochs=31, bidirectional=False, embedding_dim=100, max_seq_len=50, embeddings_path=../data/glove.6B/glove.6B.100d.txt, units=8, conv_filters=32), BLSTM2DCNN(dropout_rate=0.4, rec_dropout_rate=0.75, optimizer=adam, batch_size=128, epochs=26, bidirectional=False, embedding_dim=15, max_seq_len=50, embeddings_path=None, units=162, conv_filters=32), MultinomialNB(tfidf=True, ngram_n=1), MultinomialNB(tfidf=True, ngram_n=2), MultinomialNB(tfidf=True, ngram_n=3), MultinomialNB(tfidf=False, ngram_n=1), MultinomialNB(tfidf=False, ngram_n=2), SVC(tfidf=True, ngram_n=1, kernel=linear), SVC(tfidf=True, ngram_n=2, kernel=linear), SVC(tfidf=False, ngram_n=1, kernel=linear)], LogisticRegression(C=1.0, class_weight=None, dual=False, fit_intercept=True,
          intercept_scaling=1, max_iter=100, multi_class='ovr', n_jobs=1,
          penalty='l2', random_state=None, solver='liblinear', tol=0.0001,
          verbose=0, warm_start=False), folds=5, use_proba=True)",21381.7513039
subjectivity_10k.txt,Stacker LogReg,0.935666666667,"StackingTextClassifier([MLP(layers=1, units=360, dropout_rate=0.87, max_vocab_size=22000, epochs=12, batch_size=128), MLP(layers=2, units=180, dropout_rate=0.6, max_vocab_size=22000, epochs=5, batch_size=128), MLP(layers=3, units=512, dropout_rate=0.2, max_vocab_size=10000, epochs=20, batch_size=128), LSTMClassifier(dropout_rate=0.45, rec_dropout_rate=0.35, optimizer=adam, batch_size=128, epochs=18, bidirectional=False, layers=3, embedding_dim=24, max_seq_len=50, embeddings_path=None, units=250), LSTMClassifier(dropout_rate=0.45, rec_dropout_rate=0.4, optimizer=rmsprop, batch_size=128, epochs=60, bidirectional=False, layers=2, embedding_dim=12, max_seq_len=50, embeddings_path=None, units=80), LSTMClassifier(dropout_rate=0.25, rec_dropout_rate=0.5, optimizer=rmsprop, batch_size=128, epochs=42, bidirectional=True, layers=2, embedding_dim=100, max_seq_len=50, embeddings_path=../data/glove.6B/glove.6B.100d.txt, units=16), LSTMClassifier(dropout_rate=0.25, rec_dropout_rate=0.5, optimizer=rmsprop, batch_size=128, epochs=42, bidirectional=False, layers=2, embedding_dim=100, max_seq_len=50, embeddings_path=../data/glove.6B/glove.6B.100d.txt, units=32), YKimCNN(optimizer=adam, num_filters=5, batch_size=128, epochs=53, dropout_rates=(0.64, 0.47), embedding_dim=45, max_seq_len=50, filter_sizes=(3, 5, 7), embeddings_path=None, units=40), YKimCNN(optimizer=adam, num_filters=75, batch_size=128, epochs=33, dropout_rates=(0.2, 0.8), embedding_dim=100, max_seq_len=50, filter_sizes=(3, 5), embeddings_path=../data/glove.6B/glove.6B.100d.txt, units=50), BLSTM2DCNN(dropout_rate=0.4, rec_dropout_rate=0.88, optimizer=rmsprop, batch_size=64, epochs=31, bidirectional=False, embedding_dim=100, max_seq_len=50, embeddings_path=../data/glove.6B/glove.6B.100d.txt, units=8, conv_filters=32), BLSTM2DCNN(dropout_rate=0.4, rec_dropout_rate=0.75, optimizer=adam, batch_size=128, epochs=26, bidirectional=False, embedding_dim=15, max_seq_len=50, embeddings_path=None, units=162, conv_filters=32), MultinomialNB(tfidf=True, ngram_n=1), MultinomialNB(tfidf=True, ngram_n=2), MultinomialNB(tfidf=True, ngram_n=3), MultinomialNB(tfidf=False, ngram_n=1), MultinomialNB(tfidf=False, ngram_n=2), SVC(tfidf=True, ngram_n=1, kernel=linear), SVC(tfidf=True, ngram_n=2, kernel=linear), SVC(tfidf=False, ngram_n=1, kernel=linear)], LogisticRegression(C=1.0, class_weight=None, dual=False, fit_intercept=True,
          intercept_scaling=1, max_iter=100, multi_class='ovr', n_jobs=1,
          penalty='l2', random_state=None, solver='liblinear', tol=0.0001,
          verbose=0, warm_start=False), folds=5, use_proba=True)",21320.074409
subjectivity_10k.txt,Stacker XGB,0.928333333333,"StackingTextClassifier([MLP(layers=1, units=360, dropout_rate=0.87, max_vocab_size=22000, epochs=12, batch_size=128), MLP(layers=2, units=180, dropout_rate=0.6, max_vocab_size=22000, epochs=5, batch_size=128), MLP(layers=3, units=512, dropout_rate=0.2, max_vocab_size=10000, epochs=20, batch_size=128), LSTMClassifier(dropout_rate=0.45, rec_dropout_rate=0.35, optimizer=adam, batch_size=128, epochs=18, bidirectional=False, layers=3, embedding_dim=24, max_seq_len=50, embeddings_path=None, units=250), LSTMClassifier(dropout_rate=0.45, rec_dropout_rate=0.4, optimizer=rmsprop, batch_size=128, epochs=60, bidirectional=False, layers=2, embedding_dim=12, max_seq_len=50, embeddings_path=None, units=80), LSTMClassifier(dropout_rate=0.25, rec_dropout_rate=0.5, optimizer=rmsprop, batch_size=128, epochs=42, bidirectional=True, layers=2, embedding_dim=100, max_seq_len=50, embeddings_path=../data/glove.6B/glove.6B.100d.txt, units=16), LSTMClassifier(dropout_rate=0.25, rec_dropout_rate=0.5, optimizer=rmsprop, batch_size=128, epochs=42, bidirectional=False, layers=2, embedding_dim=100, max_seq_len=50, embeddings_path=../data/glove.6B/glove.6B.100d.txt, units=32), YKimCNN(optimizer=adam, num_filters=5, batch_size=128, epochs=53, dropout_rates=(0.64, 0.47), embedding_dim=45, max_seq_len=50, filter_sizes=(3, 5, 7), embeddings_path=None, units=40), YKimCNN(optimizer=adam, num_filters=75, batch_size=128, epochs=33, dropout_rates=(0.2, 0.8), embedding_dim=100, max_seq_len=50, filter_sizes=(3, 5), embeddings_path=../data/glove.6B/glove.6B.100d.txt, units=50), BLSTM2DCNN(dropout_rate=0.4, rec_dropout_rate=0.88, optimizer=rmsprop, batch_size=64, epochs=31, bidirectional=False, embedding_dim=100, max_seq_len=50, embeddings_path=../data/glove.6B/glove.6B.100d.txt, units=8, conv_filters=32), BLSTM2DCNN(dropout_rate=0.4, rec_dropout_rate=0.75, optimizer=adam, batch_size=128, epochs=26, bidirectional=False, embedding_dim=15, max_seq_len=50, embeddings_path=None, units=162, conv_filters=32), MultinomialNB(tfidf=True, ngram_n=1), MultinomialNB(tfidf=True, ngram_n=2), MultinomialNB(tfidf=True, ngram_n=3), MultinomialNB(tfidf=False, ngram_n=1), MultinomialNB(tfidf=False, ngram_n=2), SVC(tfidf=True, ngram_n=1, kernel=linear), SVC(tfidf=True, ngram_n=2, kernel=linear), SVC(tfidf=False, ngram_n=1, kernel=linear)], XGBClassifier(base_score=0.5, colsample_bylevel=1, colsample_bytree=1,
       gamma=0, learning_rate=0.1, max_delta_step=0, max_depth=3,
       min_child_weight=1, missing=None, n_estimators=100, nthread=-1,
       objective='binary:logistic', reg_alpha=0, reg_lambda=1,
       scale_pos_weight=1, seed=0, silent=True, subsample=1), folds=5, use_proba=False)",20878.82708
subjectivity_10k.txt,Stacker XGB,0.934,"StackingTextClassifier([MLP(layers=1, units=360, dropout_rate=0.87, max_vocab_size=22000, epochs=12, batch_size=128), MLP(layers=2, units=180, dropout_rate=0.6, max_vocab_size=22000, epochs=5, batch_size=128), MLP(layers=3, units=512, dropout_rate=0.2, max_vocab_size=10000, epochs=20, batch_size=128), LSTMClassifier(dropout_rate=0.45, rec_dropout_rate=0.35, optimizer=adam, batch_size=128, epochs=18, bidirectional=False, layers=3, embedding_dim=24, max_seq_len=50, embeddings_path=None, units=250), LSTMClassifier(dropout_rate=0.45, rec_dropout_rate=0.4, optimizer=rmsprop, batch_size=128, epochs=60, bidirectional=False, layers=2, embedding_dim=12, max_seq_len=50, embeddings_path=None, units=80), LSTMClassifier(dropout_rate=0.25, rec_dropout_rate=0.5, optimizer=rmsprop, batch_size=128, epochs=42, bidirectional=True, layers=2, embedding_dim=100, max_seq_len=50, embeddings_path=../data/glove.6B/glove.6B.100d.txt, units=16), LSTMClassifier(dropout_rate=0.25, rec_dropout_rate=0.5, optimizer=rmsprop, batch_size=128, epochs=42, bidirectional=False, layers=2, embedding_dim=100, max_seq_len=50, embeddings_path=../data/glove.6B/glove.6B.100d.txt, units=32), YKimCNN(optimizer=adam, num_filters=5, batch_size=128, epochs=53, dropout_rates=(0.64, 0.47), embedding_dim=45, max_seq_len=50, filter_sizes=(3, 5, 7), embeddings_path=None, units=40), YKimCNN(optimizer=adam, num_filters=75, batch_size=128, epochs=33, dropout_rates=(0.2, 0.8), embedding_dim=100, max_seq_len=50, filter_sizes=(3, 5), embeddings_path=../data/glove.6B/glove.6B.100d.txt, units=50), BLSTM2DCNN(dropout_rate=0.4, rec_dropout_rate=0.88, optimizer=rmsprop, batch_size=64, epochs=31, bidirectional=False, embedding_dim=100, max_seq_len=50, embeddings_path=../data/glove.6B/glove.6B.100d.txt, units=8, conv_filters=32), BLSTM2DCNN(dropout_rate=0.4, rec_dropout_rate=0.75, optimizer=adam, batch_size=128, epochs=26, bidirectional=False, embedding_dim=15, max_seq_len=50, embeddings_path=None, units=162, conv_filters=32), MultinomialNB(tfidf=True, ngram_n=1), MultinomialNB(tfidf=True, ngram_n=2), MultinomialNB(tfidf=True, ngram_n=3), MultinomialNB(tfidf=False, ngram_n=1), MultinomialNB(tfidf=False, ngram_n=2), SVC(tfidf=True, ngram_n=1, kernel=linear), SVC(tfidf=True, ngram_n=2, kernel=linear), SVC(tfidf=False, ngram_n=1, kernel=linear)], XGBClassifier(base_score=0.5, colsample_bylevel=1, colsample_bytree=1,
       gamma=0, learning_rate=0.1, max_delta_step=0, max_depth=3,
       min_child_weight=1, missing=None, n_estimators=100, nthread=-1,
       objective='binary:logistic', reg_alpha=0, reg_lambda=1,
       scale_pos_weight=1, seed=0, silent=True, subsample=1), folds=5, use_proba=False)",20951.1347871
subjectivity_10k.txt,Stacker XGB,0.933333333333,"StackingTextClassifier([MLP(layers=1, units=360, dropout_rate=0.87, max_vocab_size=22000, epochs=12, batch_size=128), MLP(layers=2, units=180, dropout_rate=0.6, max_vocab_size=22000, epochs=5, batch_size=128), MLP(layers=3, units=512, dropout_rate=0.2, max_vocab_size=10000, epochs=20, batch_size=128), LSTMClassifier(dropout_rate=0.45, rec_dropout_rate=0.35, optimizer=adam, batch_size=128, epochs=18, bidirectional=False, layers=3, embedding_dim=24, max_seq_len=50, embeddings_path=None, units=250), LSTMClassifier(dropout_rate=0.45, rec_dropout_rate=0.4, optimizer=rmsprop, batch_size=128, epochs=60, bidirectional=False, layers=2, embedding_dim=12, max_seq_len=50, embeddings_path=None, units=80), LSTMClassifier(dropout_rate=0.25, rec_dropout_rate=0.5, optimizer=rmsprop, batch_size=128, epochs=42, bidirectional=True, layers=2, embedding_dim=100, max_seq_len=50, embeddings_path=../data/glove.6B/glove.6B.100d.txt, units=16), LSTMClassifier(dropout_rate=0.25, rec_dropout_rate=0.5, optimizer=rmsprop, batch_size=128, epochs=42, bidirectional=False, layers=2, embedding_dim=100, max_seq_len=50, embeddings_path=../data/glove.6B/glove.6B.100d.txt, units=32), YKimCNN(optimizer=adam, num_filters=5, batch_size=128, epochs=53, dropout_rates=(0.64, 0.47), embedding_dim=45, max_seq_len=50, filter_sizes=(3, 5, 7), embeddings_path=None, units=40), YKimCNN(optimizer=adam, num_filters=75, batch_size=128, epochs=33, dropout_rates=(0.2, 0.8), embedding_dim=100, max_seq_len=50, filter_sizes=(3, 5), embeddings_path=../data/glove.6B/glove.6B.100d.txt, units=50), BLSTM2DCNN(dropout_rate=0.4, rec_dropout_rate=0.88, optimizer=rmsprop, batch_size=64, epochs=31, bidirectional=False, embedding_dim=100, max_seq_len=50, embeddings_path=../data/glove.6B/glove.6B.100d.txt, units=8, conv_filters=32), BLSTM2DCNN(dropout_rate=0.4, rec_dropout_rate=0.75, optimizer=adam, batch_size=128, epochs=26, bidirectional=False, embedding_dim=15, max_seq_len=50, embeddings_path=None, units=162, conv_filters=32), MultinomialNB(tfidf=True, ngram_n=1), MultinomialNB(tfidf=True, ngram_n=2), MultinomialNB(tfidf=True, ngram_n=3), MultinomialNB(tfidf=False, ngram_n=1), MultinomialNB(tfidf=False, ngram_n=2), SVC(tfidf=True, ngram_n=1, kernel=linear), SVC(tfidf=True, ngram_n=2, kernel=linear), SVC(tfidf=False, ngram_n=1, kernel=linear)], XGBClassifier(base_score=0.5, colsample_bylevel=1, colsample_bytree=1,
       gamma=0, learning_rate=0.1, max_delta_step=0, max_depth=3,
       min_child_weight=1, missing=None, n_estimators=100, nthread=-1,
       objective='binary:logistic', reg_alpha=0, reg_lambda=1,
       scale_pos_weight=1, seed=0, silent=True, subsample=1), folds=5, use_proba=False)",21066.4323709
subjectivity_10k.txt,Stacker XGB,0.931,"StackingTextClassifier([MLP(layers=1, units=360, dropout_rate=0.87, max_vocab_size=22000, epochs=12, batch_size=128), MLP(layers=2, units=180, dropout_rate=0.6, max_vocab_size=22000, epochs=5, batch_size=128), MLP(layers=3, units=512, dropout_rate=0.2, max_vocab_size=10000, epochs=20, batch_size=128), LSTMClassifier(dropout_rate=0.45, rec_dropout_rate=0.35, optimizer=adam, batch_size=128, epochs=18, bidirectional=False, layers=3, embedding_dim=24, max_seq_len=50, embeddings_path=None, units=250), LSTMClassifier(dropout_rate=0.45, rec_dropout_rate=0.4, optimizer=rmsprop, batch_size=128, epochs=60, bidirectional=False, layers=2, embedding_dim=12, max_seq_len=50, embeddings_path=None, units=80), LSTMClassifier(dropout_rate=0.25, rec_dropout_rate=0.5, optimizer=rmsprop, batch_size=128, epochs=42, bidirectional=True, layers=2, embedding_dim=100, max_seq_len=50, embeddings_path=../data/glove.6B/glove.6B.100d.txt, units=16), LSTMClassifier(dropout_rate=0.25, rec_dropout_rate=0.5, optimizer=rmsprop, batch_size=128, epochs=42, bidirectional=False, layers=2, embedding_dim=100, max_seq_len=50, embeddings_path=../data/glove.6B/glove.6B.100d.txt, units=32), YKimCNN(optimizer=adam, num_filters=5, batch_size=128, epochs=53, dropout_rates=(0.64, 0.47), embedding_dim=45, max_seq_len=50, filter_sizes=(3, 5, 7), embeddings_path=None, units=40), YKimCNN(optimizer=adam, num_filters=75, batch_size=128, epochs=33, dropout_rates=(0.2, 0.8), embedding_dim=100, max_seq_len=50, filter_sizes=(3, 5), embeddings_path=../data/glove.6B/glove.6B.100d.txt, units=50), BLSTM2DCNN(dropout_rate=0.4, rec_dropout_rate=0.88, optimizer=rmsprop, batch_size=64, epochs=31, bidirectional=False, embedding_dim=100, max_seq_len=50, embeddings_path=../data/glove.6B/glove.6B.100d.txt, units=8, conv_filters=32), BLSTM2DCNN(dropout_rate=0.4, rec_dropout_rate=0.75, optimizer=adam, batch_size=128, epochs=26, bidirectional=False, embedding_dim=15, max_seq_len=50, embeddings_path=None, units=162, conv_filters=32), MultinomialNB(tfidf=True, ngram_n=1), MultinomialNB(tfidf=True, ngram_n=2), MultinomialNB(tfidf=True, ngram_n=3), MultinomialNB(tfidf=False, ngram_n=1), MultinomialNB(tfidf=False, ngram_n=2), SVC(tfidf=True, ngram_n=1, kernel=linear), SVC(tfidf=True, ngram_n=2, kernel=linear), SVC(tfidf=False, ngram_n=1, kernel=linear)], XGBClassifier(base_score=0.5, colsample_bylevel=1, colsample_bytree=1,
       gamma=0, learning_rate=0.1, max_delta_step=0, max_depth=3,
       min_child_weight=1, missing=None, n_estimators=100, nthread=-1,
       objective='binary:logistic', reg_alpha=0, reg_lambda=1,
       scale_pos_weight=1, seed=0, silent=True, subsample=1), folds=5, use_proba=False)",21128.226413
subjectivity_10k.txt,Stacker XGB,0.931,"StackingTextClassifier([MLP(layers=1, units=360, dropout_rate=0.87, max_vocab_size=22000, epochs=12, batch_size=128), MLP(layers=2, units=180, dropout_rate=0.6, max_vocab_size=22000, epochs=5, batch_size=128), MLP(layers=3, units=512, dropout_rate=0.2, max_vocab_size=10000, epochs=20, batch_size=128), LSTMClassifier(dropout_rate=0.45, rec_dropout_rate=0.35, optimizer=adam, batch_size=128, epochs=18, bidirectional=False, layers=3, embedding_dim=24, max_seq_len=50, embeddings_path=None, units=250), LSTMClassifier(dropout_rate=0.45, rec_dropout_rate=0.4, optimizer=rmsprop, batch_size=128, epochs=60, bidirectional=False, layers=2, embedding_dim=12, max_seq_len=50, embeddings_path=None, units=80), LSTMClassifier(dropout_rate=0.25, rec_dropout_rate=0.5, optimizer=rmsprop, batch_size=128, epochs=42, bidirectional=True, layers=2, embedding_dim=100, max_seq_len=50, embeddings_path=../data/glove.6B/glove.6B.100d.txt, units=16), LSTMClassifier(dropout_rate=0.25, rec_dropout_rate=0.5, optimizer=rmsprop, batch_size=128, epochs=42, bidirectional=False, layers=2, embedding_dim=100, max_seq_len=50, embeddings_path=../data/glove.6B/glove.6B.100d.txt, units=32), YKimCNN(optimizer=adam, num_filters=5, batch_size=128, epochs=53, dropout_rates=(0.64, 0.47), embedding_dim=45, max_seq_len=50, filter_sizes=(3, 5, 7), embeddings_path=None, units=40), YKimCNN(optimizer=adam, num_filters=75, batch_size=128, epochs=33, dropout_rates=(0.2, 0.8), embedding_dim=100, max_seq_len=50, filter_sizes=(3, 5), embeddings_path=../data/glove.6B/glove.6B.100d.txt, units=50), BLSTM2DCNN(dropout_rate=0.4, rec_dropout_rate=0.88, optimizer=rmsprop, batch_size=64, epochs=31, bidirectional=False, embedding_dim=100, max_seq_len=50, embeddings_path=../data/glove.6B/glove.6B.100d.txt, units=8, conv_filters=32), BLSTM2DCNN(dropout_rate=0.4, rec_dropout_rate=0.75, optimizer=adam, batch_size=128, epochs=26, bidirectional=False, embedding_dim=15, max_seq_len=50, embeddings_path=None, units=162, conv_filters=32), MultinomialNB(tfidf=True, ngram_n=1), MultinomialNB(tfidf=True, ngram_n=2), MultinomialNB(tfidf=True, ngram_n=3), MultinomialNB(tfidf=False, ngram_n=1), MultinomialNB(tfidf=False, ngram_n=2), SVC(tfidf=True, ngram_n=1, kernel=linear), SVC(tfidf=True, ngram_n=2, kernel=linear), SVC(tfidf=False, ngram_n=1, kernel=linear)], XGBClassifier(base_score=0.5, colsample_bylevel=1, colsample_bytree=1,
       gamma=0, learning_rate=0.1, max_delta_step=0, max_depth=3,
       min_child_weight=1, missing=None, n_estimators=100, nthread=-1,
       objective='binary:logistic', reg_alpha=0, reg_lambda=1,
       scale_pos_weight=1, seed=0, silent=True, subsample=1), folds=5, use_proba=False)",21193.368856
